split,date,venue,symbol,side,rows,mean_notional,notional_sum,clipped_turnover
train,2025-12-01,binance,btcusdt,buy,963,8594.699782928348,8276695.8909599995,7311442.8955500005
train,2025-12-01,binance,btcusdt,sell,1959,10922.407499994895,21396996.292489998,14539497.27121
train,2025-12-01,bybit,btcusdt,buy,1016,11048.840281102362,11225621.7256,7093934.126999999
train,2025-12-01,bybit,btcusdt,sell,6026,13640.594000215733,82198219.44530001,44595249.4642
train,2025-12-02,binance,btcusdt,buy,1094,9260.178770091408,10130635.57448,8248406.163380001
train,2025-12-02,binance,btcusdt,sell,551,7194.978605081669,3964433.2114,3127735.0803
train,2025-12-02,bybit,btcusdt,buy,2629,12587.681077976416,33093013.553999998,20870161.429
train,2025-12-02,bybit,btcusdt,sell,396,7934.860368939394,3142204.7061,2311809.6851
train,2025-12-03,binance,btcusdt,buy,1126,10807.545695301955,12169296.45291,7825834.78331
train,2025-12-03,binance,btcusdt,sell,641,8399.827740764431,5384289.5818300005,4432051.00533
train,2025-12-03,bybit,btcusdt,buy,1888,17528.63164528602,33094056.5463,14442213.9023
train,2025-12-03,bybit,btcusdt,sell,814,10343.537128009826,8419639.222199999,5796614.2744
train,2025-12-04,binance,btcusdt,buy,541,11683.37545181146,6320706.11943,4144975.98219
train,2025-12-04,binance,btcusdt,sell,748,9930.401227125669,7427940.11789,5808851.678850001
train,2025-12-04,bybit,btcusdt,buy,344,15341.723067151162,5277552.7351,2392887.8232
train,2025-12-04,bybit,btcusdt,sell,1211,12650.651236003303,15319938.6468,8942991.988
train,2025-12-05,binance,btcusdt,buy,535,12875.313488785045,6888292.716499999,3917867.4258000003
train,2025-12-05,binance,btcusdt,sell,981,19204.843596850158,18839951.568510003,6904448.15339
train,2025-12-05,bybit,btcusdt,buy,400,7944.313974499999,3177725.5897999997,2309657.3503
train,2025-12-05,bybit,btcusdt,sell,2240,14067.115011785716,31510337.626400005,16973568.7835
train,2025-12-06,binance,btcusdt,buy,205,7628.439533804878,1563830.10443,1388627.3237899998
train,2025-12-06,binance,btcusdt,sell,360,6835.245092361111,2460688.23325,1952552.02565
train,2025-12-06,bybit,btcusdt,buy,213,7178.865169014084,1529098.281,1423642.6808
train,2025-12-06,bybit,btcusdt,sell,338,7371.738269526626,2491647.5350999995,1721111.6322
train,2025-12-07,binance,btcusdt,buy,523,9075.304016405353,4746384.00058,4058088.42198
train,2025-12-07,binance,btcusdt,sell,652,7212.649367346626,4702647.38751,4196964.612910001
train,2025-12-07,bybit,btcusdt,buy,908,11799.54051993392,10713982.7921,7410842.9156
train,2025-12-07,bybit,btcusdt,sell,1403,12404.192706129723,17403082.3667,8831304.4246
train,2025-12-08,binance,btcusdt,buy,570,8074.874291017543,4602678.34588,3825688.6067
train,2025-12-08,binance,btcusdt,sell,544,7580.34604367647,4123708.2477599997,3587625.86246
train,2025-12-08,bybit,btcusdt,buy,509,13981.501342829077,7116584.1835,3615513.7541999994
train,2025-12-08,bybit,btcusdt,sell,690,16236.725510144925,11203340.601999998,5241915.3393
train,2025-12-09,binance,btcusdt,buy,784,10798.792113290818,8466253.01682,6017302.5814
train,2025-12-09,binance,btcusdt,sell,614,10170.116188615637,6244451.339810001,4476392.536429999
train,2025-12-09,bybit,btcusdt,buy,1496,13868.888101804812,20747856.6003,11289477.1527
train,2025-12-09,bybit,btcusdt,sell,574,12197.010489198607,7001084.0208,4277574.1123
train,2025-12-10,binance,btcusdt,buy,572,6642.0133778671325,3799231.65214,3618443.26844
train,2025-12-10,binance,btcusdt,sell,591,9483.39242678511,5604684.92423,3633770.03923
train,2025-12-10,bybit,btcusdt,buy,676,12678.802398076923,8570870.4211,4442431.4178
train,2025-12-10,bybit,btcusdt,sell,879,11650.561655858932,10240843.695500001,6853602.156099999
train,2025-12-11,binance,btcusdt,buy,647,13100.145618825347,8475794.21538,5725275.972279999
train,2025-12-11,binance,btcusdt,sell,984,12008.323363668698,11816190.189849999,7249484.4147499995
train,2025-12-11,bybit,btcusdt,buy,995,18802.85787115578,18708843.5818,8446972.8276
train,2025-12-11,bybit,btcusdt,sell,1694,11916.557289079105,20186648.047700003,11444718.2161
train,2025-12-12,binance,btcusdt,buy,331,6533.736953867069,2162666.93173,1763955.68943
train,2025-12-12,binance,btcusdt,sell,668,9813.207216317365,6555222.4205,4570591.557999999
train,2025-12-12,bybit,btcusdt,buy,162,23401.893550617282,3791106.7551999995,1638724.4446
train,2025-12-12,bybit,btcusdt,sell,1139,16505.38000992098,18799627.831299998,10147003.5991
train,2025-12-13,binance,btcusdt,buy,95,4498.747526736843,427381.01504,427381.01504
train,2025-12-13,binance,btcusdt,sell,253,7415.377576719368,1876090.5269100002,1610447.78241
train,2025-12-13,bybit,btcusdt,buy,24,3769.0202374999994,90456.48569999999,90456.48569999999
train,2025-12-13,bybit,btcusdt,sell,181,3385.291302762431,612737.7258,612737.7258
train,2025-12-14,binance,btcusdt,buy,197,6209.095531928934,1223191.81979,1021741.9612899998
train,2025-12-14,binance,btcusdt,sell,712,9123.524790294943,6495949.65069,4276095.16049
train,2025-12-14,bybit,btcusdt,buy,39,5652.0698769230785,220430.72520000004,220430.72520000004
train,2025-12-14,bybit,btcusdt,sell,2229,14525.519959219382,32377383.9891,16019352.088299999
train,2025-12-15,binance,btcusdt,buy,585,9586.034095128205,5607829.94565,4747975.49
train,2025-12-15,binance,btcusdt,sell,1257,22281.32566654734,28007626.362850003,9085667.89996
train,2025-12-15,bybit,btcusdt,buy,496,8426.181239516129,4179385.8948,3428184.2563000005
train,2025-12-15,bybit,btcusdt,sell,3781,10898.79882361809,41208358.3521,25105593.9285
train,2025-12-16,binance,btcusdt,buy,538,16862.345766449813,9071942.022349998,4926511.47315
train,2025-12-16,binance,btcusdt,sell,661,7189.682988759454,4752380.455569999,3422946.73037
train,2025-12-16,bybit,btcusdt,buy,715,9170.490317202797,6556900.5768,5193030.150599999
train,2025-12-16,bybit,btcusdt,sell,845,11143.544964852072,9416295.4953,5279782.2743
train,2025-12-17,binance,btcusdt,buy,628,10416.414524363057,6541508.3213,4962027.464740001
train,2025-12-17,binance,btcusdt,sell,1014,7624.423700364891,7731165.63217,6378446.66187
train,2025-12-17,bybit,btcusdt,buy,1479,18321.699869844488,27097794.107499998,15036705.674099999
train,2025-12-17,bybit,btcusdt,sell,1768,16358.237028280542,28921363.066,13810480.333500002
train,2025-12-18,binance,btcusdt,buy,706,11551.4297390085,8155309.3957400005,5965263.07364
train,2025-12-18,binance,btcusdt,sell,848,10953.744327936321,9288775.19009,6527937.25189
train,2025-12-18,bybit,btcusdt,buy,1217,11649.690970419064,14177673.911,9407060.8917
train,2025-12-18,bybit,btcusdt,sell,2014,11201.730397616682,22560285.0208,15855056.9949
train,2025-12-19,binance,btcusdt,buy,817,7929.554159596084,6478445.74839,5310152.07549
train,2025-12-19,binance,btcusdt,sell,422,9750.722026872038,4114804.69534,3285342.74044
train,2025-12-19,bybit,btcusdt,buy,1451,13149.48168187457,19079897.9204,11055363.402199998
train,2025-12-19,bybit,btcusdt,sell,412,21782.556993689326,8974413.481400002,4108712.4616
train,2025-12-20,binance,btcusdt,buy,143,5305.760840909091,758723.80025,747038.18285
train,2025-12-20,binance,btcusdt,sell,109,4497.588584495413,490237.15570999996,485919.50171
train,2025-12-20,bybit,btcusdt,buy,83,3574.6880987951804,296699.1122,296699.1122
train,2025-12-20,bybit,btcusdt,sell,62,7931.036682258065,491724.27430000005,335066.44880000013
train,2025-12-21,binance,btcusdt,buy,351,7286.461612079773,2557548.0258400002,1990719.90034
train,2025-12-21,binance,btcusdt,sell,289,6091.365998477508,1760404.7735599997,1357137.6926600002
train,2025-12-21,bybit,btcusdt,buy,395,7019.981600506329,2772892.7322,2074462.1817
train,2025-12-21,bybit,btcusdt,sell,301,11249.28169767442,3386033.791,2047001.4302000003
train,2025-12-22,binance,btcusdt,buy,526,7516.868691140684,3953872.93154,3744737.46564
train,2025-12-22,binance,btcusdt,sell,514,11044.064234085603,5676649.0163199995,4282911.40552
train,2025-12-22,bybit,btcusdt,buy,1020,12903.776110588233,13161851.632799998,8137384.965100001
train,2025-12-22,bybit,btcusdt,sell,739,21916.969190257107,16196640.231600001,6550553.148399999
train,2025-12-23,binance,btcusdt,buy,325,7552.5187272615385,2454568.58636,1949339.23136
train,2025-12-23,binance,btcusdt,sell,560,10307.754746375,5772342.65797,3622629.0786699997
train,2025-12-23,bybit,btcusdt,buy,244,5132.580019262295,1252349.5247,1157617.6531
train,2025-12-23,bybit,btcusdt,sell,1130,10626.132327079646,12007529.5296,7824885.1428
train,2025-12-24,binance,btcusdt,buy,252,17272.661506666667,4352710.699680001,1687110.48348
train,2025-12-24,binance,btcusdt,sell,365,6966.974622054796,2542945.7370500006,2021477.7650500003
train,2025-12-24,bybit,btcusdt,buy,224,9036.958416964286,2024278.6854,1488435.8464
train,2025-12-24,bybit,btcusdt,sell,499,8869.508254108217,4425884.6188,3342384.3688000003
train,2025-12-25,binance,btcusdt,buy,157,8870.819457579617,1392718.6548399997,1120765.5842399998
train,2025-12-25,binance,btcusdt,sell,326,6707.5798591104285,2186671.0340699996,1585215.97057
train,2025-12-25,bybit,btcusdt,buy,270,11350.529311481481,3064642.9141,1980827.942
train,2025-12-25,bybit,btcusdt,sell,340,6717.865762647058,2284074.3592999997,1996289.8051
train,2025-12-26,binance,btcusdt,buy,384,9629.847403854166,3697861.4030799996,2618143.6942799995
train,2025-12-26,binance,btcusdt,sell,440,9681.187791045455,4259722.62806,2925578.30086
train,2025-12-26,bybit,btcusdt,buy,550,18792.040807272726,10335622.444,4757320.421799999
train,2025-12-26,bybit,btcusdt,sell,629,7668.314670588235,4823369.9278,4066663.8729
train,2025-12-27,binance,btcusdt,buy,94,9452.663442340425,888550.3635799999,762837.7935799999
train,2025-12-27,binance,btcusdt,sell,104,36038.118457884615,3747964.31962,1047818.52082
train,2025-12-27,bybit,btcusdt,buy,76,19479.093732894733,1480411.1236999996,612005.4949
train,2025-12-27,bybit,btcusdt,sell,19,3537.4606894736844,67211.7531,67211.7531
train,2025-12-28,binance,btcusdt,buy,107,7555.4652252336455,808434.7791,669591.2468
train,2025-12-28,binance,btcusdt,sell,141,8639.943351134752,1218232.01251,1045436.1065100001
train,2025-12-28,bybit,btcusdt,buy,57,12705.109022807017,724191.2143,462444.5261
train,2025-12-28,bybit,btcusdt,sell,79,5767.15471392405,455605.22239999997,444297.19039999996
train,2025-12-29,binance,btcusdt,buy,494,16349.140192530363,8076475.255109999,3945088.1542100003
train,2025-12-29,binance,btcusdt,sell,647,15351.22933332303,9932245.37866,5387924.71956
train,2025-12-29,bybit,btcusdt,buy,908,19574.611567731274,17773747.303499997,7957677.4278
train,2025-12-29,bybit,btcusdt,sell,949,15217.726613909379,14441622.5566,7212177.2411
train,2025-12-30,binance,btcusdt,buy,329,16499.792962036474,5428431.88451,2928217.84901
train,2025-12-30,binance,btcusdt,sell,309,8038.137892686083,2483784.60884,1914339.1065800001
train,2025-12-30,bybit,btcusdt,buy,435,12999.512525747128,5654787.9487000005,3079958.1944000004
train,2025-12-30,bybit,btcusdt,sell,291,11237.379700343643,3270077.4928,2126859.635
train,2025-12-31,binance,btcusdt,buy,220,15564.945058136362,3424287.9127899995,1705195.4312900002
train,2025-12-31,binance,btcusdt,sell,502,10194.059190258964,5117417.71351,2917741.59261
train,2025-12-31,bybit,btcusdt,buy,148,10747.047882432433,1590563.0866,1072930.9465
train,2025-12-31,bybit,btcusdt,sell,564,11388.25269787234,6422974.5216,3777750.7643
train,2026-01-01,binance,btcusdt,buy,234,8764.888718547007,2050983.9601399996,1564614.25384
train,2026-01-01,binance,btcusdt,sell,208,4636.971347932693,964490.0403700001,964490.0403700001
train,2026-01-01,bybit,btcusdt,buy,195,9905.187369743591,1931511.5371000003,1139037.3065
train,2026-01-01,bybit,btcusdt,sell,71,1577.5918295774648,112009.0199,112009.0199
train,2026-01-02,binance,btcusdt,buy,665,35078.51756793985,23327214.182680003,6366418.74978
train,2026-01-02,binance,btcusdt,sell,405,12529.485823777777,5074441.75863,2779231.37603
train,2026-01-02,bybit,btcusdt,buy,1305,11034.635129808428,14400198.8444,10402480.1445
train,2026-01-02,bybit,btcusdt,sell,331,15162.26480392749,5018709.650099999,2604738.7437
train,2026-01-03,binance,btcusdt,buy,251,7405.416181274901,1858759.4615,1325824.4033999997
train,2026-01-03,binance,btcusdt,sell,174,8441.765791724136,1468867.2477599997,913748.4577599999
train,2026-01-03,bybit,btcusdt,buy,289,9604.93787785467,2775827.0467,1902027.7161999997
train,2026-01-03,bybit,btcusdt,sell,114,3230.1806517543864,368240.59430000006,368240.59430000006
train,2026-01-04,binance,btcusdt,buy,351,10648.298873618232,3737552.90464,2870884.0105600003
train,2026-01-04,binance,btcusdt,sell,205,7378.088938731707,1512508.23244,1120403.8852400002
train,2026-01-04,bybit,btcusdt,buy,849,16170.264829210837,13728554.84,6973507.158499999
train,2026-01-04,bybit,btcusdt,sell,106,5134.147387735849,544219.6231000001,544219.6231000001
train,2026-01-05,binance,btcusdt,buy,859,13449.179859557626,11552845.49936,7570202.97916
train,2026-01-05,binance,btcusdt,sell,419,11316.628697350834,4741667.42419,3480719.38009
train,2026-01-05,bybit,btcusdt,buy,2833,16797.42616759619,47587108.3328,27530796.2333
train,2026-01-05,bybit,btcusdt,sell,274,8085.058964963504,2215306.1564,1865515.9437000002
train,2026-01-06,binance,btcusdt,buy,605,11214.029448876032,6784487.81657,5231993.1769199995
train,2026-01-06,binance,btcusdt,sell,676,11566.282127662722,7818806.7183,4358066.5627999995
train,2026-01-06,bybit,btcusdt,buy,545,10259.643634495415,5591505.780800001,3863430.0982999997
train,2026-01-06,bybit,btcusdt,sell,1313,17468.07886770754,22935587.5533,12333250.380600002
train,2026-01-07,binance,btcusdt,buy,259,14163.552855057915,3668360.18946,2432844.0964599997
train,2026-01-07,binance,btcusdt,sell,705,10573.092324865247,7454030.089029999,5510059.15619
train,2026-01-07,bybit,btcusdt,buy,87,30822.66277816092,2681571.6617,795433.2007999998
train,2026-01-07,bybit,btcusdt,sell,1059,16531.814621246456,17507191.6839,8765028.3345
train,2026-01-08,binance,btcusdt,buy,412,9250.757734635921,3811312.1866699997,3242646.54407
train,2026-01-08,binance,btcusdt,sell,780,11319.925984371795,8829542.26781,6498596.933010001
train,2026-01-08,bybit,btcusdt,buy,435,11775.178344597702,5122202.5799,3739752.2283
train,2026-01-08,bybit,btcusdt,sell,1487,16040.051525958306,23851556.6191,11790119.891099999
train,2026-01-09,binance,btcusdt,buy,372,12858.304376290322,4783289.22798,2595564.2578999996
train,2026-01-09,binance,btcusdt,sell,538,6686.225064386617,3597189.08464,3379530.2726399996
train,2026-01-09,bybit,btcusdt,buy,487,15342.119019712525,7471611.9626,3497409.3399
train,2026-01-09,bybit,btcusdt,sell,661,8226.340528441753,5437611.089299999,4236858.9252
train,2026-01-10,binance,btcusdt,buy,34,8260.470080882355,280855.98275,180004.33175000004
train,2026-01-10,binance,btcusdt,sell,132,5351.574712500001,706407.8620500001,532720.2142500001
train,2026-01-10,bybit,btcusdt,buy,17,5608.222694117647,95339.7858,95339.7858
train,2026-01-10,bybit,btcusdt,sell,27,5347.662555555556,144386.889,144386.889
train,2026-01-11,binance,btcusdt,buy,162,9744.594197962964,1578624.26007,1333478.68967
train,2026-01-11,binance,btcusdt,sell,175,10997.420112514286,1924548.51969,1205223.73049
train,2026-01-11,bybit,btcusdt,buy,90,31570.197073333333,2841317.7366,813460.8097999999
train,2026-01-11,bybit,btcusdt,sell,199,8002.566515577889,1592510.7366,1296016.904
train,2026-01-12,binance,btcusdt,buy,451,10424.419139889134,4701413.03209,3465487.46219
train,2026-01-12,binance,btcusdt,sell,541,8109.484562033271,4387231.14806,3815065.66736
train,2026-01-12,bybit,btcusdt,buy,677,13932.447481240766,9432266.944799999,4775802.6022
train,2026-01-12,bybit,btcusdt,sell,593,11571.828315514333,6862094.1910999995,3895244.8852000004
train,2026-01-13,binance,btcusdt,buy,816,21655.439039093137,17670838.2559,8230436.435769999
train,2026-01-13,binance,btcusdt,sell,257,52523.68298529182,13498586.52722,2118348.8764199996
train,2026-01-13,bybit,btcusdt,buy,3584,25242.650502455355,90469659.40079999,40600811.8693
train,2026-01-13,bybit,btcusdt,sell,146,7748.517699315069,1131283.5841,986721.527
train,2026-01-14,binance,btcusdt,buy,921,20340.48796241043,18733589.413380004,6668945.09193
train,2026-01-14,binance,btcusdt,sell,482,10705.80554147303,5160198.27099,3824394.7282900005
train,2026-01-14,bybit,btcusdt,buy,1660,17125.070630903618,28427617.247300003,12958458.887000002
train,2026-01-14,bybit,btcusdt,sell,431,7793.192625986078,3358866.0217999998,2648011.0709
train,2026-01-15,binance,btcusdt,buy,424,10184.422009221698,4318194.93191,3121230.43841
train,2026-01-15,binance,btcusdt,sell,618,9149.133226860842,5654164.3342,4524870.6252999995
train,2026-01-15,bybit,btcusdt,buy,337,11913.716561424333,4014922.4812000003,2395576.5002
train,2026-01-15,bybit,btcusdt,sell,874,14058.448233409612,12287083.756000001,6274564.5088
train,2026-01-16,binance,btcusdt,buy,290,6101.60639337931,1769465.85408,1644776.75278
train,2026-01-16,binance,btcusdt,sell,345,8493.006464956521,2930087.23041,2323643.34331
train,2026-01-16,bybit,btcusdt,buy,150,5644.365802,846654.8703000001,798318.1801
train,2026-01-16,bybit,btcusdt,sell,565,7503.14143699115,4239274.9119,3190627.2091999995
train,2026-01-17,binance,btcusdt,buy,121,7891.723305619834,954898.5199799999,716391.5690799999
train,2026-01-17,binance,btcusdt,sell,154,5368.374582207792,826729.68566,709724.7516600001
train,2026-01-17,bybit,btcusdt,buy,49,5046.279106122449,247267.67620000002,237997.0728
train,2026-01-17,bybit,btcusdt,sell,46,16930.533230434787,778804.5286000002,176631.2318
train,2026-01-18,binance,btcusdt,buy,135,6759.361945703703,912513.86267,720643.78337
train,2026-01-18,binance,btcusdt,sell,360,19202.292561361115,6912825.322090001,2680003.48799
train,2026-01-18,bybit,btcusdt,buy,52,1534.8975326923075,79814.67169999999,79814.67169999999
train,2026-01-18,bybit,btcusdt,sell,1085,15759.389245345623,17098937.3312,9288097.7452
train,2026-01-19,binance,btcusdt,buy,241,9011.4191019917,2171752.00358,1662742.01278
train,2026-01-19,binance,btcusdt,sell,546,16177.12618871795,8832710.89904,4413977.3240600005
train,2026-01-19,bybit,btcusdt,buy,211,12825.661296208533,2706214.5335000004,1355149.4086000002
train,2026-01-19,bybit,btcusdt,sell,2245,16553.604198351895,37162841.4253,20035757.7979
train,2026-01-20,binance,btcusdt,buy,312,8956.775268814103,2794513.88387,2291878.53173
train,2026-01-20,binance,btcusdt,sell,1138,19014.74992218805,21638785.411450002,7982017.49353
train,2026-01-20,bybit,btcusdt,buy,142,16996.074502816904,2413442.5794,917169.8634000001
train,2026-01-20,bybit,btcusdt,sell,5655,17807.297421591513,100700266.9191,48903695.629
train,2026-01-21,binance,btcusdt,buy,630,13263.355324873019,8355913.854670001,5119257.20637
train,2026-01-21,binance,btcusdt,sell,908,12045.511204625549,10937324.173799999,7276133.200299999
train,2026-01-21,bybit,btcusdt,buy,937,19861.903219210246,18610603.3164,7541903.3252
train,2026-01-21,bybit,btcusdt,sell,1951,10302.655437980524,20100480.7595,12536709.7258
train,2026-01-22,binance,btcusdt,buy,291,4974.692718625431,1447635.5811200002,1322386.94072
train,2026-01-22,binance,btcusdt,sell,485,13025.048733216496,6317148.63561,2874510.6824100004
train,2026-01-22,bybit,btcusdt,buy,152,5454.807829605263,829130.7900999999,742475.5408999999
train,2026-01-22,bybit,btcusdt,sell,604,9155.56676357616,5529962.325200001,3735793.0412999997
train,2026-01-23,binance,btcusdt,buy,379,13689.973732691293,5188500.04469,3096093.82309
train,2026-01-23,binance,btcusdt,sell,466,8972.277712188841,4181081.41388,3160529.93458
train,2026-01-23,bybit,btcusdt,buy,585,10172.77080991453,5951070.9238,4738964.7831
train,2026-01-23,bybit,btcusdt,sell,489,9810.076899591,4797127.6038999995,2971373.3437
train,2026-01-24,binance,btcusdt,buy,62,3755.84303548387,232862.26819999996,232862.26819999996
train,2026-01-24,binance,btcusdt,sell,148,4367.553598783784,646397.93262,544677.6476200001
train,2026-01-24,bybit,btcusdt,buy,19,6506.0027052631585,123614.05140000001,123614.05140000001
train,2026-01-24,bybit,btcusdt,sell,68,3199.5486647058824,217569.3092,217569.3092
train,2026-01-25,binance,btcusdt,buy,196,9220.030943061223,1807126.0648399997,1265528.4969199998
train,2026-01-25,binance,btcusdt,sell,927,10248.500334843582,9500359.8104,7191653.679879999
train,2026-01-25,bybit,btcusdt,buy,101,8090.131701980199,817103.3019000001,724351.9117
train,2026-01-25,bybit,btcusdt,sell,3370,12156.55990949555,40967606.895,26017790.2283
train,2026-01-26,binance,btcusdt,buy,478,8088.206708682008,3866162.80675,3136775.8781500002
train,2026-01-26,binance,btcusdt,sell,446,7152.963865672646,3190221.88409,2373888.83289
train,2026-01-26,bybit,btcusdt,buy,667,14067.750882158922,9383189.8384,4976858.9414
train,2026-01-26,bybit,btcusdt,sell,354,10647.234089265536,3769120.8675999995,1970049.8209
train,2026-01-27,binance,btcusdt,buy,411,9983.0765283455,4103044.4531500004,3265233.10855
train,2026-01-27,binance,btcusdt,sell,388,5709.871229046392,2215430.03687,2023624.16407
train,2026-01-27,bybit,btcusdt,buy,658,12480.09535,8211902.7403,4471782.9454
train,2026-01-27,bybit,btcusdt,sell,315,8811.937654285714,2775760.3611,2120349.0768999998
train,2026-01-28,binance,btcusdt,buy,359,8730.446230752088,3134230.19684,2515395.21624
train,2026-01-28,binance,btcusdt,sell,386,5935.714896658032,2291185.95011,2102228.7199100005
train,2026-01-28,bybit,btcusdt,buy,619,9095.353268174476,5630023.673,3435422.3648000006
train,2026-01-28,bybit,btcusdt,sell,298,9100.09929228188,2711829.5891000004,2076304.6475999998
train,2026-01-29,binance,btcusdt,buy,353,7581.730048300285,2676350.7070500003,2336031.39585
train,2026-01-29,binance,btcusdt,sell,1379,18166.547256860045,25051668.66721,11719130.742899999
train,2026-01-29,bybit,btcusdt,buy,240,9614.527294583333,2307486.5507,1774212.2016
train,2026-01-29,bybit,btcusdt,sell,5677,17009.939026598557,96565423.854,48731237.2276
train,2026-01-30,binance,btcusdt,buy,855,9533.357311929825,8151020.5017,6534441.7022
train,2026-01-30,binance,btcusdt,sell,1269,9565.65663356974,12138818.268000001,8842202.6743
train,2026-01-30,bybit,btcusdt,buy,845,13325.011109230769,11259634.3873,5737736.192600001
train,2026-01-30,bybit,btcusdt,sell,5638,15406.012635047891,86859099.23640001,50664454.6646
train,2026-01-31,binance,btcusdt,buy,724,10426.23575769337,7548594.68857,5884663.986509999
train,2026-01-31,binance,btcusdt,sell,1742,13983.089983564869,24358542.75137,10349270.714170001
train,2026-01-31,bybit,btcusdt,buy,872,14764.033536123852,12874237.2435,7349993.0396
train,2026-01-31,bybit,btcusdt,sell,13427,14774.580496730467,198378292.32959998,106901727.44319999
validation,2026-02-01,binance,btcusdt,buy,760,7262.617434302631,5519589.25007,5167920.994890001
validation,2026-02-01,binance,btcusdt,sell,1365,9273.089796776556,12657767.572599998,7446953.181779999
validation,2026-02-01,bybit,btcusdt,buy,679,11184.50677216495,7594280.098300001,4118549.6769000003
validation,2026-02-01,bybit,btcusdt,sell,2027,7950.611313418846,16115889.1323,10626192.142499998
validation,2026-02-02,binance,btcusdt,buy,1004,10587.746427848604,10630097.41356,7865225.87394
validation,2026-02-02,binance,btcusdt,sell,1202,7345.491118960067,8829280.32499,7400190.98979
validation,2026-02-02,bybit,btcusdt,buy,1488,9848.620130712367,14654746.754500002,8343522.3285
validation,2026-02-02,bybit,btcusdt,sell,2540,9834.699565118111,24980136.895400003,16384501.037299998
validation,2026-02-03,binance,btcusdt,buy,796,13418.43895817839,10681077.41071,6886401.033710001
validation,2026-02-03,binance,btcusdt,sell,1745,10978.030820252148,19156663.78134,11584145.85698
validation,2026-02-03,bybit,btcusdt,buy,796,9351.010892336682,7443404.670299999,4615626.6779
validation,2026-02-03,bybit,btcusdt,sell,5129,11414.661682881653,58545799.7715,32379008.6695
validation,2026-02-04,binance,btcusdt,buy,889,10143.860417952757,9017891.91156,7248775.61156
validation,2026-02-04,binance,btcusdt,sell,1502,8626.52622237683,12957042.386009999,9428468.496490002
validation,2026-02-04,bybit,btcusdt,buy,744,9465.873571370968,7042609.937100001,5287649.4594
validation,2026-02-04,bybit,btcusdt,sell,3697,10681.77534049229,39490523.4338,22414641.5738
validation,2026-02-05,binance,btcusdt,buy,2007,8988.028523512707,18038973.24669,14719689.96629
validation,2026-02-05,binance,btcusdt,sell,3643,14864.96733539665,54153076.002849996,25043644.569250003
validation,2026-02-05,bybit,btcusdt,buy,2887,11470.884713855212,33116444.168899998,18958170.9853
validation,2026-02-05,bybit,btcusdt,sell,21423,11410.740658717266,244452297.13169998,140859604.36650002
validation,2026-02-06,binance,btcusdt,buy,2782,13812.79524324227,38427196.36669999,19848068.50757
validation,2026-02-06,binance,btcusdt,sell,2080,11706.101284014423,24348690.67075,15436135.13478
validation,2026-02-06,bybit,btcusdt,buy,5263,8634.808961941857,45444999.5667,31494812.939400002
validation,2026-02-06,bybit,btcusdt,sell,7101,11115.653830319672,78932257.8491,42831678.4045
validation,2026-02-07,binance,btcusdt,buy,1092,10231.968860695972,11173309.99588,7553355.78487
validation,2026-02-07,binance,btcusdt,sell,1274,19812.232858594976,25240784.661849998,8206042.44991
validation,2026-02-07,bybit,btcusdt,buy,1254,13567.859701355661,17014096.0655,7649614.7414
validation,2026-02-07,bybit,btcusdt,sell,1746,10053.775765578464,17553892.4867,10794063.799800001
validation,2026-02-08,binance,btcusdt,buy,850,12366.616694235294,10511624.1901,6310670.083500001
validation,2026-02-08,binance,btcusdt,sell,670,6705.416888179105,4492629.31508,3969534.27718
validation,2026-02-08,bybit,btcusdt,buy,1778,8454.19972064117,15031567.103300001,9585142.8462
validation,2026-02-08,bybit,btcusdt,sell,758,8351.217667150395,6330222.991699999,4290869.449700001
validation,2026-02-09,binance,btcusdt,buy,817,7822.73157505508,6391171.69682,5239342.31802
validation,2026-02-09,binance,btcusdt,sell,979,10285.083790541368,10069097.03094,6305218.69324
validation,2026-02-09,bybit,btcusdt,buy,1165,8575.745213991417,9990743.1743,6225448.5629
validation,2026-02-09,bybit,btcusdt,sell,1433,9792.234705024424,14032272.3323,7509548.8919
validation,2026-02-10,binance,btcusdt,buy,571,9077.459351208407,5183229.28954,4355182.20214
validation,2026-02-10,binance,btcusdt,sell,821,8370.45397131547,6872142.710450001,4986590.86036
validation,2026-02-10,bybit,btcusdt,buy,590,11151.89027983051,6579615.2651,4257486.631399999
validation,2026-02-10,bybit,btcusdt,sell,1333,7567.685207576894,10087724.3817,6848104.2524
validation,2026-02-11,binance,btcusdt,buy,915,7536.444885879781,6895847.07058,5193512.36758
validation,2026-02-11,binance,btcusdt,sell,1335,9246.1448643221,12343603.393870002,8478360.81357
validation,2026-02-11,bybit,btcusdt,buy,1463,10235.91742631579,14975147.194699999,9932965.405900002
validation,2026-02-11,bybit,btcusdt,sell,2515,8651.4954706163,21758511.108599998,13539039.9748
validation,2026-02-12,binance,btcusdt,buy,738,7678.80549911924,5666958.458349999,4670830.85375
validation,2026-02-12,binance,btcusdt,sell,974,10870.007205092403,10587387.017760001,6136401.56446
validation,2026-02-12,bybit,btcusdt,buy,650,6585.811706153846,4280777.609,3659539.7702
validation,2026-02-12,bybit,btcusdt,sell,1445,7282.8180172318325,10523672.034899998,7709245.8845
validation,2026-02-13,binance,btcusdt,buy,866,9389.140449399538,8130995.629179999,6117163.92994
validation,2026-02-13,binance,btcusdt,sell,534,5519.122641479401,2947211.49055,2721415.48535
validation,2026-02-13,bybit,btcusdt,buy,1793,14153.921429057445,25377981.1223,13425867.0098
validation,2026-02-13,bybit,btcusdt,sell,294,8748.701427210885,2572118.2196,1435655.4960000003
validation,2026-02-14,binance,btcusdt,buy,611,8265.76110057283,5050380.03245,3942289.50105
validation,2026-02-14,binance,btcusdt,sell,380,7784.224200605263,2958005.19623,2066041.41138
validation,2026-02-14,bybit,btcusdt,buy,1074,10526.271518994414,11305215.6114,6101874.7264
validation,2026-02-14,bybit,btcusdt,sell,232,16474.033486206896,3821975.7688,1733667.3047999998
validation,2026-02-15,binance,btcusdt,buy,492,8049.4372868292685,3960323.14512,3398346.2848199997
validation,2026-02-15,binance,btcusdt,sell,699,13122.134277281832,9172371.85982,5083188.25062
validation,2026-02-15,bybit,btcusdt,buy,553,9161.984212296566,5066577.269400001,3653640.9382999996
validation,2026-02-15,bybit,btcusdt,sell,1245,7568.184644658635,9422389.8826,6597376.081
validation,2026-02-16,binance,btcusdt,buy,559,7248.707459463327,4052027.4698399995,3498285.29114
validation,2026-02-16,binance,btcusdt,sell,549,9366.049531894354,5141961.1930100005,4058749.65601
validation,2026-02-16,bybit,btcusdt,buy,733,6711.277506684856,4919366.4124,3813340.7919
validation,2026-02-16,bybit,btcusdt,sell,1015,10369.870220591132,10525418.273899999,5796102.4411
validation,2026-02-17,binance,btcusdt,buy,458,16996.574395240175,7784431.07302,3110847.9194400003
validation,2026-02-17,binance,btcusdt,sell,682,8632.919794501466,5887651.29985,3984892.08075
validation,2026-02-17,bybit,btcusdt,buy,416,9783.762370673077,4070045.1462,2464819.5573
validation,2026-02-17,bybit,btcusdt,sell,1075,12029.799094046512,12932034.0261,6301217.774900001
validation,2026-02-18,binance,btcusdt,buy,416,7984.971869759615,3321748.29782,2679083.2196199996
validation,2026-02-18,binance,btcusdt,sell,718,24075.45046112813,17286173.431089997,4008479.29239
validation,2026-02-18,bybit,btcusdt,buy,375,11589.514184266667,4346067.8191,2161244.2049000002
validation,2026-02-18,bybit,btcusdt,sell,1406,9197.793613086771,12932097.82,8968444.6202
validation,2026-02-19,binance,btcusdt,buy,431,9293.890328213456,4005666.7314599995,3397435.14996
validation,2026-02-19,binance,btcusdt,sell,603,5675.176117147595,3422131.1986399996,2916318.53364
validation,2026-02-19,bybit,btcusdt,buy,460,13794.788123478258,6345602.536799999,3416654.1785000004
validation,2026-02-19,bybit,btcusdt,sell,729,9371.680102743485,6831954.7949,3693829.2423
validation,2026-02-20,binance,btcusdt,buy,544,7024.506942665442,3821331.77681,3131907.71211
validation,2026-02-20,binance,btcusdt,sell,475,6241.765303831578,2964838.51932,2502413.98132
validation,2026-02-20,bybit,btcusdt,buy,964,16171.12310985477,15588962.6779,7207286.1989
validation,2026-02-20,bybit,btcusdt,sell,540,10052.14977074074,5428160.8762,2820742.1834
validation,2026-02-21,binance,btcusdt,buy,207,7537.512332512077,1560265.05283,1446576.9125
validation,2026-02-21,binance,btcusdt,sell,191,3722.344082984293,710967.71985,710967.71985
validation,2026-02-21,bybit,btcusdt,buy,326,15821.502421779142,5157809.7895,2401602.9974
validation,2026-02-21,bybit,btcusdt,sell,158,8385.92024113924,1324975.3980999999,997822.3891
validation,2026-02-22,binance,btcusdt,buy,136,6848.202144558824,931355.49166,927690.91066
validation,2026-02-22,binance,btcusdt,sell,284,6050.084290809858,1718223.93859,826523.38149
validation,2026-02-22,bybit,btcusdt,buy,49,4761.964063265306,233336.2391,233336.2391
validation,2026-02-22,bybit,btcusdt,sell,398,6914.06524396985,2751797.9671,2087859.9619999998
validation,2026-02-23,binance,btcusdt,buy,622,13655.032079019293,8493429.95315,4657271.59495
validation,2026-02-23,binance,btcusdt,sell,1189,17755.912238940287,21111779.6521,9261430.7099
validation,2026-02-23,bybit,btcusdt,buy,587,12765.972385349236,7493625.790200002,4410237.4142
validation,2026-02-23,bybit,btcusdt,sell,3879,11813.38562389791,45824122.835099995,24792889.2051
validation,2026-02-24,binance,btcusdt,buy,618,9680.06176854369,5982278.17296,4715368.19566
validation,2026-02-24,binance,btcusdt,sell,952,6480.271853518907,6169218.80455,5405303.7601499995
validation,2026-02-24,bybit,btcusdt,buy,724,10460.953593784532,7573730.401900001,4158386.3105
validation,2026-02-24,bybit,btcusdt,sell,2492,7167.47706416533,17861352.843900003,13742838.4913
validation,2026-02-25,binance,btcusdt,buy,1256,16728.004661544586,21010373.854900002,9604301.40104
validation,2026-02-25,binance,btcusdt,sell,672,10845.651208199406,7288277.61191,5760815.57311
validation,2026-02-25,bybit,btcusdt,buy,3917,15255.559412101098,59756026.2172,30267891.622500002
validation,2026-02-25,bybit,btcusdt,sell,594,15025.64706767677,8925234.3582,3796226.9311999995
validation,2026-02-26,binance,btcusdt,buy,667,9581.65641772114,6390964.83062,4261308.72112
validation,2026-02-26,binance,btcusdt,sell,754,6466.556355517241,4875783.49206,4055570.52786
validation,2026-02-26,bybit,btcusdt,buy,577,8435.146291681109,4867079.4103,4266988.3548
validation,2026-02-26,bybit,btcusdt,sell,892,12784.476965134529,11403753.4529,5883525.511
validation,2026-02-27,binance,btcusdt,buy,460,13238.60622602174,6089758.86397,4161890.2696700003
validation,2026-02-27,binance,btcusdt,sell,843,8773.536274922895,7396091.07976,5788292.23236
validation,2026-02-27,bybit,btcusdt,buy,376,13789.678297340426,5184919.0398,2826828.0
validation,2026-02-27,bybit,btcusdt,sell,1672,12644.493206339712,21141592.641,11885805.083
validation,2026-02-28,binance,btcusdt,buy,990,16666.191740161616,16499529.82276,8495378.04542
validation,2026-02-28,binance,btcusdt,sell,926,9005.943922224622,8339504.07198,6882191.67198
validation,2026-02-28,bybit,btcusdt,buy,2420,17085.797585,41347630.1557,21759370.051799998
validation,2026-02-28,bybit,btcusdt,sell,2321,13479.559166393796,31286056.8252,17332443.0105
train,2025-12-01,binance,ethusdt,buy,837,7538.571502974911,6309784.347990001,4872091.187030001
train,2025-12-01,binance,ethusdt,sell,1862,8593.034214946296,16000229.708230002,10002387.91167
train,2025-12-01,bybit,ethusdt,buy,393,9870.645784732824,3879163.7934,2472983.7641000003
train,2025-12-01,bybit,ethusdt,sell,4303,11655.05342605159,50151694.892299995,28039233.6656
train,2025-12-02,binance,ethusdt,buy,994,9814.311449698189,9755425.581,5951108.93774
train,2025-12-02,binance,ethusdt,sell,660,7683.411929106061,5071051.87321,4349630.54135
train,2025-12-02,bybit,ethusdt,buy,1286,9969.46484836703,12820731.795,7860374.146600001
train,2025-12-02,bybit,ethusdt,sell,263,10820.906330038024,2845898.3648,1979908.6526000001
train,2025-12-03,binance,ethusdt,buy,1269,9969.26111888101,12650992.359860001,7923574.7262699995
train,2025-12-03,binance,ethusdt,sell,625,5884.157898832001,3677598.6867700005,3183169.0391599997
train,2025-12-03,bybit,ethusdt,buy,1562,7677.51269212548,11992274.8251,9079105.848299999
train,2025-12-03,bybit,ethusdt,sell,470,13104.362328085104,6159050.294199999,3860623.0506999996
train,2025-12-04,binance,ethusdt,buy,809,8716.851756143386,7051933.070719999,4641578.914999999
train,2025-12-04,binance,ethusdt,sell,978,10303.830139396727,10077145.87633,6616572.28974
train,2025-12-04,bybit,ethusdt,buy,634,12240.084755678232,7760213.735099999,4278983.3744
train,2025-12-04,bybit,ethusdt,sell,1046,11261.191862428299,11779206.6881,7712682.694
train,2025-12-05,binance,ethusdt,buy,793,9881.240550933166,7835823.75689,5562755.6435899995
train,2025-12-05,binance,ethusdt,sell,1135,7361.673449171806,8355499.36481,6871228.7503700005
train,2025-12-05,bybit,ethusdt,buy,458,7051.285541703057,3229488.7781,2643688.4433000004
train,2025-12-05,bybit,ethusdt,sell,1449,11303.941104899932,16379410.661000002,10750910.0183
train,2025-12-06,binance,ethusdt,buy,363,5060.118101625344,1836822.87089,1618818.73287
train,2025-12-06,binance,ethusdt,sell,391,6423.778693222507,2511697.4690500004,1879556.74539
train,2025-12-06,bybit,ethusdt,buy,200,11300.5176485,2260103.5297,1154184.1205000002
train,2025-12-06,bybit,ethusdt,sell,196,9245.175730612245,1812054.4432,1227257.0079
train,2025-12-07,binance,ethusdt,buy,692,10867.321871618498,7520186.735160001,4953048.35053
train,2025-12-07,binance,ethusdt,sell,805,13735.639447018631,11057189.754849998,5479955.897539999
train,2025-12-07,bybit,ethusdt,buy,650,12873.160446153848,8367554.290000001,5317379.1699
train,2025-12-07,bybit,ethusdt,sell,1661,11663.846393136662,19373648.858999997,13566144.046899999
train,2025-12-08,binance,ethusdt,buy,777,15070.557819691116,11709823.425899997,4455814.449139999
train,2025-12-08,binance,ethusdt,sell,640,9219.7330416875,5900629.146679999,3771328.73827
train,2025-12-08,bybit,ethusdt,buy,555,9579.821762342342,5316801.0781,3899743.0345
train,2025-12-08,bybit,ethusdt,sell,540,11133.065118148148,6011855.1638,3542829.2307
train,2025-12-09,binance,ethusdt,buy,1050,8025.972209485714,8427270.81996,6864422.073729999
train,2025-12-09,binance,ethusdt,sell,716,6048.662370265362,4330842.25711,3765689.0571100004
train,2025-12-09,bybit,ethusdt,buy,1714,15956.128320478412,27348803.941299997,15026007.049899999
train,2025-12-09,bybit,ethusdt,sell,407,10670.272407616709,4342800.8699,2922225.7317000004
train,2025-12-10,binance,ethusdt,buy,996,8921.916147951808,8886228.48336,5999098.96965
train,2025-12-10,binance,ethusdt,sell,810,8640.013496407408,6998410.93209,4971562.50875
train,2025-12-10,bybit,ethusdt,buy,1041,9170.974771661864,9546984.737300001,6932403.1824
train,2025-12-10,bybit,ethusdt,sell,784,11877.118424234694,9311660.8446,7008558.835600001
train,2025-12-11,binance,ethusdt,buy,784,9720.608803482142,7620957.301929999,4833957.30786
train,2025-12-11,binance,ethusdt,sell,1231,21656.06078317628,26658610.82409,9419878.9971
train,2025-12-11,bybit,ethusdt,buy,445,11839.25557775281,5268468.732100001,3970825.6474
train,2025-12-11,bybit,ethusdt,sell,1548,13370.276707041345,20697188.3425,11688303.8111
train,2025-12-12,binance,ethusdt,buy,523,7440.796082007648,3891536.35089,3025057.5109
train,2025-12-12,binance,ethusdt,sell,1008,7720.6118543452385,7782376.74918,5927678.83817
train,2025-12-12,bybit,ethusdt,buy,172,9761.971788372091,1679059.1475999998,1108730.1413999998
train,2025-12-12,bybit,ethusdt,sell,1981,13105.035041292276,25961074.4168,15326380.093999999
train,2025-12-13,binance,ethusdt,buy,263,6159.659227756653,1619990.3768999998,1396449.8819499998
train,2025-12-13,binance,ethusdt,sell,339,6305.987456371681,2137729.74771,1856655.62419
train,2025-12-13,bybit,ethusdt,buy,136,10032.247191911765,1364385.6181,876019.7061000001
train,2025-12-13,bybit,ethusdt,sell,208,9036.444161057692,1879580.3854999999,1544078.6628999999
train,2025-12-14,binance,ethusdt,buy,354,7891.527748418079,2793600.82294,2303208.70782
train,2025-12-14,binance,ethusdt,sell,710,5088.456384478873,3612804.0329799997,3211555.93498
train,2025-12-14,bybit,ethusdt,buy,128,14834.8436015625,1898859.981,893297.6379999998
train,2025-12-14,bybit,ethusdt,sell,1109,10897.147430387738,12084936.500300001,8799821.9076
train,2025-12-15,binance,ethusdt,buy,713,12729.23817286115,9075946.81725,5695007.59371
train,2025-12-15,binance,ethusdt,sell,1402,12627.235351212554,17703383.9624,8961018.87465
train,2025-12-15,bybit,ethusdt,buy,610,10826.744035737705,6604313.8618,4585158.0011
train,2025-12-15,bybit,ethusdt,sell,3285,11227.063409558601,36880903.300400004,22215252.296400003
train,2025-12-16,binance,ethusdt,buy,655,13344.394485496183,8740578.388,4355078.21992
train,2025-12-16,binance,ethusdt,sell,953,8970.900174994753,8549267.86677,5505322.92742
train,2025-12-16,bybit,ethusdt,buy,386,14492.519863212437,5594112.667200001,3026873.227
train,2025-12-16,bybit,ethusdt,sell,1355,8470.906875571955,11478078.816399999,8711124.501699999
train,2025-12-17,binance,ethusdt,buy,672,9437.639228526785,6342093.56157,5238699.8761599995
train,2025-12-17,binance,ethusdt,sell,1297,7290.657234834232,9455982.43358,7217868.55574
train,2025-12-17,bybit,ethusdt,buy,551,13632.018127586205,7511241.988299999,4371462.5013
train,2025-12-17,bybit,ethusdt,sell,3003,11117.736007192807,33386561.2296,20650087.9141
train,2025-12-18,binance,ethusdt,buy,886,9665.339387370204,8563490.69721,6532137.85597
train,2025-12-18,binance,ethusdt,sell,1047,8086.325944259791,8466383.263640001,6313982.18638
train,2025-12-18,bybit,ethusdt,buy,921,11719.570152877308,10793724.1108,6704240.4065
train,2025-12-18,bybit,ethusdt,sell,1543,10052.245411860013,15510614.6705,10458891.4966
train,2025-12-19,binance,ethusdt,buy,950,7259.133980673684,6896177.28164,5713268.731249999
train,2025-12-19,binance,ethusdt,sell,573,7770.349060453753,4452410.01164,3185542.66587
train,2025-12-19,bybit,ethusdt,buy,1053,8869.672494586894,9339765.136799999,6372652.672800001
train,2025-12-19,bybit,ethusdt,sell,332,12951.11555993976,4299770.365900001,2766787.9561
train,2025-12-20,binance,ethusdt,buy,253,3971.982534466403,1004911.58122,939069.04942
train,2025-12-20,binance,ethusdt,sell,156,3195.0394735897435,498426.15788,498426.15788
train,2025-12-20,bybit,ethusdt,buy,47,10446.5458893617,490987.6567999999,252953.08300000004
train,2025-12-20,bybit,ethusdt,sell,68,3133.668244117647,213089.4406,213089.4406
train,2025-12-21,binance,ethusdt,buy,507,5078.907191400394,2575005.94604,2289579.55852
train,2025-12-21,binance,ethusdt,sell,363,4316.037436198348,1566721.5893400002,1506167.07782
train,2025-12-21,bybit,ethusdt,buy,314,7359.959638853504,2311027.3266000003,1687257.971
train,2025-12-21,bybit,ethusdt,sell,329,7495.803913981763,2466119.4877,1977583.1097
train,2025-12-22,binance,ethusdt,buy,575,12982.185722243477,7464756.79029,3529859.0980700003
train,2025-12-22,binance,ethusdt,sell,574,9315.690247038327,5347206.2018,3489214.21809
train,2025-12-22,bybit,ethusdt,buy,710,9201.544111267605,6533096.319,4973938.1673
train,2025-12-22,bybit,ethusdt,sell,608,14697.499415789474,8936079.6448,5331464.843800001
train,2025-12-23,binance,ethusdt,buy,406,7337.06300544335,2978847.5802100003,2461818.3776900005
train,2025-12-23,binance,ethusdt,sell,651,7892.5864108294945,5138073.753450001,3451452.5527100004
train,2025-12-23,bybit,ethusdt,buy,244,11220.391148360655,2737775.4402,1599279.8087000002
train,2025-12-23,bybit,ethusdt,sell,972,11279.287456069958,10963467.4073,6874362.4564
train,2025-12-24,binance,ethusdt,buy,296,5285.154747128379,1564405.8051500001,1364479.848
train,2025-12-24,binance,ethusdt,sell,469,10285.738212324093,4824011.22158,2521313.89988
train,2025-12-24,bybit,ethusdt,buy,193,14889.080201554401,2873592.4788999995,1009514.1829999998
train,2025-12-24,bybit,ethusdt,sell,478,10895.764910669455,5208175.6273,3766155.6851000004
train,2025-12-25,binance,ethusdt,buy,226,7669.724743716813,1733357.7920799996,1258413.8778
train,2025-12-25,binance,ethusdt,sell,411,4736.512386545012,1946706.59087,1884005.1362800002
train,2025-12-25,bybit,ethusdt,buy,127,12840.616036220474,1630758.2366000002,831273.3436
train,2025-12-25,bybit,ethusdt,sell,419,9884.335395704056,4141536.5308,2724400.8098
train,2025-12-26,binance,ethusdt,buy,415,7667.004526361446,3181806.87844,2483274.55745
train,2025-12-26,binance,ethusdt,sell,475,4890.928555263157,2323191.0637499997,2140070.0199100003
train,2025-12-26,bybit,ethusdt,buy,270,5683.4583859259255,1534533.7641999999,1399373.111
train,2025-12-26,bybit,ethusdt,sell,383,9067.680977545691,3472921.8143999996,2292975.0845
train,2025-12-27,binance,ethusdt,buy,159,14356.661371698114,2282709.1581,1375791.20743
train,2025-12-27,binance,ethusdt,sell,131,3133.467487557252,410484.24087,410484.24087
train,2025-12-27,bybit,ethusdt,buy,101,14682.732000990098,1482955.9320999999,723470.4992999999
train,2025-12-27,bybit,ethusdt,sell,39,4768.203538461539,185959.93800000002,185959.93800000002
train,2025-12-28,binance,ethusdt,buy,143,8106.876112307692,1159283.28406,980118.3187200001
train,2025-12-28,binance,ethusdt,sell,181,9585.767456519337,1735023.9096300001,856100.9819499999
train,2025-12-28,bybit,ethusdt,buy,52,3594.885467307693,186934.04430000004,186934.04430000004
train,2025-12-28,bybit,ethusdt,sell,92,11465.803753260867,1054853.9452999998,807370.1763
train,2025-12-29,binance,ethusdt,buy,544,12194.36732086397,6633735.82255,3635123.0916
train,2025-12-29,binance,ethusdt,sell,632,7067.320101677216,4466546.304260001,3744290.00854
train,2025-12-29,bybit,ethusdt,buy,598,16099.24429916388,9627348.0909,4777730.376300001
train,2025-12-29,bybit,ethusdt,sell,629,11034.847970111286,6940919.373199999,4340850.1216
train,2025-12-30,binance,ethusdt,buy,399,31304.279743934836,12490407.617829999,2506127.8437200002
train,2025-12-30,binance,ethusdt,sell,390,8158.633932128205,3181867.23353,2185892.71972
train,2025-12-30,bybit,ethusdt,buy,249,9372.573053012049,2333770.6902,1366365.4481999998
train,2025-12-30,bybit,ethusdt,sell,247,11640.539439271253,2875213.2414999995,1564963.0302999998
train,2025-12-31,binance,ethusdt,buy,369,7192.6163014092135,2654075.41522,2046695.0672799998
train,2025-12-31,binance,ethusdt,sell,450,14503.23887248889,6526457.492620001,2500739.99259
train,2025-12-31,bybit,ethusdt,buy,228,15355.953676754387,3501157.4383,1931220.5478
train,2025-12-31,bybit,ethusdt,sell,203,11578.345396551724,2350404.1155,1467895.3791
train,2026-01-01,binance,ethusdt,buy,290,7312.261464551724,2120555.82472,1867797.84732
train,2026-01-01,binance,ethusdt,sell,203,4986.19194137931,1012196.9641,847766.28265
train,2026-01-01,bybit,ethusdt,buy,80,10861.2540325,868900.3226000001,406393.77989999996
train,2026-01-01,bybit,ethusdt,sell,37,1294.0554621621625,47880.05210000001,47880.05210000001
train,2026-01-02,binance,ethusdt,buy,849,7943.189524299176,6743767.90613,5593261.67681
train,2026-01-02,binance,ethusdt,sell,390,7898.936680923078,3080585.3055600002,2323685.00693
train,2026-01-02,bybit,ethusdt,buy,1320,11053.813315,14591033.5758,10357494.6725
train,2026-01-02,bybit,ethusdt,sell,198,9357.85831010101,1852855.9454,1362094.0275
train,2026-01-03,binance,ethusdt,buy,294,5800.207816836734,1705261.09815,1488762.75204
train,2026-01-03,binance,ethusdt,sell,246,10451.096793414636,2570969.81118,1504288.93109
train,2026-01-03,bybit,ethusdt,buy,115,6677.10250173913,767866.7877,680796.2951
train,2026-01-03,bybit,ethusdt,sell,128,6601.03389140625,844932.3381,648217.4161
train,2026-01-04,binance,ethusdt,buy,395,13782.890583291139,5444241.7804,1987270.57858
train,2026-01-04,binance,ethusdt,sell,253,4303.2879188537545,1088731.84347,996753.1161699998
train,2026-01-04,bybit,ethusdt,buy,397,9164.849925944583,3638445.4206,2877502.034
train,2026-01-04,bybit,ethusdt,sell,125,8924.249699200001,1115531.2124,737435.5054
train,2026-01-05,binance,ethusdt,buy,755,12347.28864610596,9322202.92781,5245404.465220001
train,2026-01-05,binance,ethusdt,sell,513,8427.058216491228,4323080.86506,3481727.5454
train,2026-01-05,bybit,ethusdt,buy,1346,13476.356590861815,18139175.971300002,10712490.8851
train,2026-01-05,bybit,ethusdt,sell,330,6947.498015151515,2292674.3449999997,1753735.6676
train,2026-01-06,binance,ethusdt,buy,772,11609.015909183938,8962160.28189,6304600.9471700005
train,2026-01-06,binance,ethusdt,sell,590,15491.01318837288,9139697.78114,5709726.09443
train,2026-01-06,bybit,ethusdt,buy,773,10237.13667076326,7913306.646500001,5215110.8795
train,2026-01-06,bybit,ethusdt,sell,513,14205.16488362573,7287249.585299999,4340611.7477
train,2026-01-07,binance,ethusdt,buy,329,8682.194419574467,2856441.96404,1998530.41855
train,2026-01-07,binance,ethusdt,sell,788,11560.05330214467,9109322.00209,6334070.74898
train,2026-01-07,bybit,ethusdt,buy,87,7442.598627586207,647506.0806,528104.404
train,2026-01-07,bybit,ethusdt,sell,900,17166.835588777776,15450152.0299,8084881.5352
train,2026-01-08,binance,ethusdt,buy,430,8619.538519395348,3706401.56334,2760310.9539599996
train,2026-01-08,binance,ethusdt,sell,821,10482.909709878195,8606468.871809999,5589811.648949999
train,2026-01-08,bybit,ethusdt,buy,167,10939.33073532934,1826868.2327999999,949392.0773
train,2026-01-08,bybit,ethusdt,sell,1072,13539.36014561567,14514194.0761,7838647.6983
train,2026-01-09,binance,ethusdt,buy,409,7974.157410684597,3261430.3809700003,2340110.13322
train,2026-01-09,binance,ethusdt,sell,669,9403.012746083707,6290615.52713,4709376.52225
train,2026-01-09,bybit,ethusdt,buy,221,13483.571818552035,2979869.3718999997,1342064.6983
train,2026-01-09,bybit,ethusdt,sell,525,8997.376546095236,4723622.6866999995,3585253.2128999997
train,2026-01-10,binance,ethusdt,buy,54,4195.712131296296,226568.45509,226568.45509
train,2026-01-10,binance,ethusdt,sell,184,6859.390509402175,1262127.85373,595577.51092
train,2026-01-10,bybit,ethusdt,buy,12,5520.055775,66240.6693,66240.6693
train,2026-01-10,bybit,ethusdt,sell,47,1398.2383170212765,65717.2009,65717.2009
train,2026-01-11,binance,ethusdt,buy,206,7452.345898786407,1535183.2551499999,1317100.5898
train,2026-01-11,binance,ethusdt,sell,186,6165.756876344087,1146830.779,989822.83631
train,2026-01-11,bybit,ethusdt,buy,142,4297.641452816902,610265.0863,610265.0863
train,2026-01-11,bybit,ethusdt,sell,111,8877.9535990991,985452.8495000001,479658.6164999999
train,2026-01-12,binance,ethusdt,buy,396,15760.808796439393,6241280.2833899995,2920839.03733
train,2026-01-12,binance,ethusdt,sell,654,6823.298955886849,4462437.51715,4012414.7586499997
train,2026-01-12,bybit,ethusdt,buy,256,14394.272816796874,3684933.8411,1807930.0019999999
train,2026-01-12,bybit,ethusdt,sell,584,10230.346708047946,5974522.4775,3988978.9547
train,2026-01-13,binance,ethusdt,buy,789,39445.68539395437,31122645.77583,6623092.362059999
train,2026-01-13,binance,ethusdt,sell,318,50235.381531886786,15974851.327139998,2130768.81862
train,2026-01-13,bybit,ethusdt,buy,1790,20792.91408603352,37219316.214,17846961.227799997
train,2026-01-13,bybit,ethusdt,sell,105,12929.399355238098,1357586.9323000002,1182648.0547
train,2026-01-14,binance,ethusdt,buy,874,8218.841835228834,7183267.76399,5693095.57977
train,2026-01-14,binance,ethusdt,sell,554,9047.534420884476,5012334.06917,3721026.6049499996
train,2026-01-14,bybit,ethusdt,buy,703,9978.991309103842,7015230.8903,4308608.0248
train,2026-01-14,bybit,ethusdt,sell,295,9190.514119661018,2711201.6653000005,1297153.5862
train,2026-01-15,binance,ethusdt,buy,539,6884.660453840445,3710831.9846200002,3380228.16079
train,2026-01-15,binance,ethusdt,sell,720,8477.313563055555,6103665.7654,4904202.27839
train,2026-01-15,bybit,ethusdt,buy,217,13061.367166359447,2834316.6751,1547530.3733
train,2026-01-15,bybit,ethusdt,sell,623,12142.431603210272,7564734.8888,4011982.5542
train,2026-01-16,binance,ethusdt,buy,327,9488.92061116208,3102877.0398500003,1738918.61023
train,2026-01-16,binance,ethusdt,sell,427,6063.7108631381725,2589204.53856,2175199.62044
train,2026-01-16,bybit,ethusdt,buy,102,4242.3444362745095,432719.1325,432719.1325
train,2026-01-16,bybit,ethusdt,sell,358,6562.207796927375,2349270.3913000003,1748001.85
train,2026-01-17,binance,ethusdt,buy,186,7299.715818064515,1357747.1421599998,907076.69148
train,2026-01-17,binance,ethusdt,sell,145,7372.118643379311,1068957.20329,519223.73891
train,2026-01-17,bybit,ethusdt,buy,92,3153.156870652175,290090.4321000001,290090.4321000001
train,2026-01-17,bybit,ethusdt,sell,36,2468.433019444445,88863.58870000002,88863.58870000002
train,2026-01-18,binance,ethusdt,buy,270,4100.9765435555555,1107263.66676,1107263.66676
train,2026-01-18,binance,ethusdt,sell,331,10038.090217190333,3322607.86189,2380606.67367
train,2026-01-18,bybit,ethusdt,buy,252,9510.81822936508,2396726.1938000005,1471306.0272000001
train,2026-01-18,bybit,ethusdt,sell,397,9348.392969017632,3711312.0087,2805773.5769
train,2026-01-19,binance,ethusdt,buy,328,5772.728174451219,1893454.8412199998,1625170.77792
train,2026-01-19,binance,ethusdt,sell,654,12972.15759377676,8483791.06633,4389494.68216
train,2026-01-19,bybit,ethusdt,buy,147,6443.75520612245,947232.0153000001,675433.4633000001
train,2026-01-19,bybit,ethusdt,sell,1564,13510.329352493605,21130155.1073,12315316.637200002
train,2026-01-20,binance,ethusdt,buy,356,8388.44588511236,2986286.7351,2474048.2248600004
train,2026-01-20,binance,ethusdt,sell,1308,36989.978803019876,48382892.27435,8202874.94104
train,2026-01-20,bybit,ethusdt,buy,113,8867.45578938053,1002022.5041999999,721489.7326
train,2026-01-20,bybit,ethusdt,sell,4046,16158.977734651511,65379223.91440001,33675552.299600005
train,2026-01-21,binance,ethusdt,buy,949,11164.174524604847,10594801.62385,6538009.51948
train,2026-01-21,binance,ethusdt,sell,1190,28559.57674818487,33985896.33034,8401508.46768
train,2026-01-21,bybit,ethusdt,buy,641,10024.509564274571,6425710.6307,4668068.475099999
train,2026-01-21,bybit,ethusdt,sell,1954,8094.4516163254875,15816558.458300002,11589597.7821
train,2026-01-22,binance,ethusdt,buy,422,10924.266628388625,4610040.5171799995,2807374.64451
train,2026-01-22,binance,ethusdt,sell,793,8695.688092900378,6895680.65767,4837378.81342
train,2026-01-22,bybit,ethusdt,buy,113,6744.52773362832,762131.6339000001,653694.7339
train,2026-01-22,bybit,ethusdt,sell,667,9375.207417391304,6253263.3474,4058387.4765
train,2026-01-23,binance,ethusdt,buy,455,8656.960213428572,3938916.8971100003,2629789.33574
train,2026-01-23,binance,ethusdt,sell,657,7939.537543059359,5216276.165789999,3933580.5041
train,2026-01-23,bybit,ethusdt,buy,335,10267.159118208954,3439498.3045999995,2135957.9358
train,2026-01-23,bybit,ethusdt,sell,627,10008.078210526317,6275065.038000001,4185704.3251
train,2026-01-24,binance,ethusdt,buy,99,8089.2321808080815,800833.9859000001,569633.65464
train,2026-01-24,binance,ethusdt,sell,211,2807.5188090047395,592386.4687000001,592386.4687000001
train,2026-01-24,bybit,ethusdt,buy,17,2013.7694705882352,34234.081,34234.081
train,2026-01-24,bybit,ethusdt,sell,69,5731.609956521739,395481.087,348835.087
train,2026-01-25,binance,ethusdt,buy,236,7335.269027245763,1731123.49043,1495087.5321
train,2026-01-25,binance,ethusdt,sell,1040,46369.298735057695,48224070.68446,6873362.24434
train,2026-01-25,bybit,ethusdt,buy,53,6801.915220754718,360501.5067,322154.9783
train,2026-01-25,bybit,ethusdt,sell,2683,10975.63861565412,29447638.4058,18350630.013899997
train,2026-01-26,binance,ethusdt,buy,702,8866.365631638177,6224188.67341,4603119.968359999
train,2026-01-26,binance,ethusdt,sell,551,7528.947919854808,4148450.3038399993,2837541.19278
train,2026-01-26,bybit,ethusdt,buy,646,18257.395096439624,11794277.232299998,6849754.1754
train,2026-01-26,bybit,ethusdt,sell,213,7744.694602347417,1649619.9502999997,1327808.7415999998
train,2026-01-27,binance,ethusdt,buy,657,20697.929229573823,13598539.50383,5009515.14255
train,2026-01-27,binance,ethusdt,sell,565,7301.302795681415,4125236.0795599995,2643991.3624299997
train,2026-01-27,bybit,ethusdt,buy,707,9625.270192644979,6805066.0262,4487892.633199999
train,2026-01-27,bybit,ethusdt,sell,167,6211.888138922156,1037385.3192,994946.4776
train,2026-01-28,binance,ethusdt,buy,557,6017.599914883303,3351803.15259,2756269.3059900003
train,2026-01-28,binance,ethusdt,sell,545,5165.7201852477065,2815317.50096,2466239.89867
train,2026-01-28,bybit,ethusdt,buy,240,9568.47156,2296433.1744,1372636.2888
train,2026-01-28,bybit,ethusdt,sell,253,11220.637416996047,2838821.2665,1760058.9982000003
train,2026-01-29,binance,ethusdt,buy,495,11618.42800260606,5751121.86129,3648824.82284
train,2026-01-29,binance,ethusdt,sell,1418,6340.6894021650205,8991097.572269998,7566374.9781
train,2026-01-29,bybit,ethusdt,buy,210,13741.703113809524,2885757.6539000003,1695585.0532
train,2026-01-29,bybit,ethusdt,sell,2675,13020.781552598131,34830590.6532,20379310.8989
train,2026-01-30,binance,ethusdt,buy,816,6587.243871384803,5375190.99905,4741384.52991
train,2026-01-30,binance,ethusdt,sell,1681,9920.853242688876,16676954.30096,9398798.099609999
train,2026-01-30,bybit,ethusdt,buy,319,8200.587634169278,2615987.4552999996,1934589.7264999999
train,2026-01-30,bybit,ethusdt,sell,4191,9929.686326127417,41615315.3928,27150227.434699997
train,2026-01-31,binance,ethusdt,buy,1008,7124.666455823412,7181663.78747,5912187.27531
train,2026-01-31,binance,ethusdt,sell,2048,19427.778543310546,39788090.4567,11113049.05246
train,2026-01-31,bybit,ethusdt,buy,703,14060.026940398295,9884198.939100001,5528704.102299999
train,2026-01-31,bybit,ethusdt,sell,13329,10916.032828914398,145499801.57660002,85814254.55360001
validation,2026-02-01,binance,ethusdt,buy,1095,9349.57711347032,10237786.93925,6585345.3602
validation,2026-02-01,binance,ethusdt,sell,1855,10634.00523309973,19726079.707399998,9834730.21079
validation,2026-02-01,bybit,ethusdt,buy,539,10914.039651762525,5882667.372300001,3891639.1148
validation,2026-02-01,bybit,ethusdt,sell,2472,8446.795220226537,20880477.7844,13996349.533799998
validation,2026-02-02,binance,ethusdt,buy,1465,10493.01137803413,15372261.668820001,8562805.49824
validation,2026-02-02,binance,ethusdt,sell,1651,7255.979785408843,11979622.62571,9217119.36161
validation,2026-02-02,bybit,ethusdt,buy,1018,7223.233647740668,7353251.8534,5904195.5030000005
validation,2026-02-02,bybit,ethusdt,sell,2460,8420.257351341463,20713833.084299996,13113672.267900001
validation,2026-02-03,binance,ethusdt,buy,1185,9528.263771620255,11290992.569370002,7929756.588630001
validation,2026-02-03,binance,ethusdt,sell,2042,10133.853816993143,20693329.4943,10484385.97608
validation,2026-02-03,bybit,ethusdt,buy,838,9034.04596837709,7570530.521500001,5332807.4319
validation,2026-02-03,bybit,ethusdt,sell,3521,7916.513780715705,27874045.0219,18263977.4124
validation,2026-02-04,binance,ethusdt,buy,1135,10059.098433374449,11417076.72188,7075574.5265500005
validation,2026-02-04,binance,ethusdt,sell,1758,8869.448107064847,15592489.77222,9597230.370140001
validation,2026-02-04,bybit,ethusdt,buy,627,13230.572332057416,8295568.8522,4458315.5412
validation,2026-02-04,bybit,ethusdt,sell,2724,7745.08815811307,21097620.1427,14378856.2606
validation,2026-02-05,binance,ethusdt,buy,1906,9104.12277625918,17352458.011549998,10457512.596859999
validation,2026-02-05,binance,ethusdt,sell,3407,7448.5969164866465,25377369.694470003,17096629.08044
validation,2026-02-05,bybit,ethusdt,buy,1277,7702.666651918559,9836305.3145,6873103.451
validation,2026-02-05,bybit,ethusdt,sell,10323,7178.669243175433,74105402.5973,50021660.5721
validation,2026-02-06,binance,ethusdt,buy,2392,6803.0871018436455,16272984.34761,11832354.55861
validation,2026-02-06,binance,ethusdt,sell,1850,7944.299426513514,14696953.93905,9947177.36254
validation,2026-02-06,bybit,ethusdt,buy,2044,7637.558165264189,15611168.889800001,10659975.958700001
validation,2026-02-06,bybit,ethusdt,sell,3891,7900.727502698535,30741730.713,16670914.393
validation,2026-02-07,binance,ethusdt,buy,1173,7421.132374245524,8704988.27499,6352373.875600001
validation,2026-02-07,binance,ethusdt,sell,1195,6289.4698016234315,7515916.41294,5875382.57137
validation,2026-02-07,bybit,ethusdt,buy,1184,10129.486211824324,11993311.6748,7602027.8985
validation,2026-02-07,bybit,ethusdt,sell,1028,7531.735431614786,7742624.0237,5130127.9648
validation,2026-02-08,binance,ethusdt,buy,788,8985.687311370559,7080721.601360001,4344989.62738
validation,2026-02-08,binance,ethusdt,sell,692,6871.089152745666,4754793.693700001,3964065.8010099996
validation,2026-02-08,bybit,ethusdt,buy,637,5040.214822762952,3210616.8421000005,3061866.3148000003
validation,2026-02-08,bybit,ethusdt,sell,568,10900.623637499999,6191554.2261,2969811.6241
validation,2026-02-09,binance,ethusdt,buy,852,12608.275868967135,10742251.04036,5968097.286719999
validation,2026-02-09,binance,ethusdt,sell,1011,6547.018387210683,6619035.58947,5140794.0043
validation,2026-02-09,bybit,ethusdt,buy,780,6425.578682435898,5011951.372300001,4033960.289
validation,2026-02-09,bybit,ethusdt,sell,813,5563.183200246002,4522867.9418,3377715.7139999997
validation,2026-02-10,binance,ethusdt,buy,560,6050.976149607143,3388546.64378,2917648.88002
validation,2026-02-10,binance,ethusdt,sell,903,8043.121587973422,7262938.79394,5088187.655809999
validation,2026-02-10,bybit,ethusdt,buy,274,9153.934510583942,2508178.0559,1940883.7931000001
validation,2026-02-10,bybit,ethusdt,sell,825,8013.076583030303,6610788.181,4626278.995999999
validation,2026-02-11,binance,ethusdt,buy,887,8515.266427880497,7553041.32153,5074795.17968
validation,2026-02-11,binance,ethusdt,sell,1394,7249.744093228121,10106143.26596,6386896.358169999
validation,2026-02-11,bybit,ethusdt,buy,675,10253.672116740741,6921228.6788,4399872.8345
validation,2026-02-11,bybit,ethusdt,sell,1779,6622.733908150647,11781843.6226,8738333.256900001
validation,2026-02-12,binance,ethusdt,buy,786,5393.152872938932,4239018.15813,3481157.09156
validation,2026-02-12,binance,ethusdt,sell,968,4990.878548791323,4831170.435230001,4150916.2842400004
validation,2026-02-12,bybit,ethusdt,buy,322,7655.923002795032,2465207.2069,1832894.0739000002
validation,2026-02-12,bybit,ethusdt,sell,722,8446.556276038782,6098413.6313000005,4223696.2931
validation,2026-02-13,binance,ethusdt,buy,859,7160.96285153667,6151267.08947,3692108.39389
validation,2026-02-13,binance,ethusdt,sell,581,4913.178232065405,2854556.55283,2083554.7114
validation,2026-02-13,bybit,ethusdt,buy,1029,8856.328673858116,9113162.205400001,6640017.8968
validation,2026-02-13,bybit,ethusdt,sell,161,9312.988382608695,1499391.1295999999,907360.6479999998
validation,2026-02-14,binance,ethusdt,buy,582,4680.610265841925,2724115.1747200005,2399502.4607300004
validation,2026-02-14,binance,ethusdt,sell,388,5363.92597023196,2081203.2764500002,1659375.59637
validation,2026-02-14,bybit,ethusdt,buy,546,7630.953392490842,4166500.5522999996,3212105.7468
validation,2026-02-14,bybit,ethusdt,sell,129,10632.770996899226,1371627.4586,606110.6494
validation,2026-02-15,binance,ethusdt,buy,626,6510.677610766773,4075684.1843399997,3375032.59083
validation,2026-02-15,binance,ethusdt,sell,1026,6389.525295165692,6555652.95284,5436249.141690001
validation,2026-02-15,bybit,ethusdt,buy,216,11505.903913888886,2485275.2453999994,1324134.5026
validation,2026-02-15,bybit,ethusdt,sell,1724,8607.683836774942,14839646.9346,10379121.6039
validation,2026-02-16,binance,ethusdt,buy,662,7338.922906374623,4858366.964020001,3873957.1269
validation,2026-02-16,binance,ethusdt,sell,659,10122.20269828528,6670531.57817,4012121.2456900002
validation,2026-02-16,bybit,ethusdt,buy,429,7145.200889044289,3065291.1814,2429020.2583
validation,2026-02-16,bybit,ethusdt,sell,514,5433.8436640077825,2792995.6433,2393535.1446
validation,2026-02-17,binance,ethusdt,buy,554,6341.358223574008,3513112.45586,2715750.9527399996
validation,2026-02-17,binance,ethusdt,sell,763,5957.161802280472,4545314.45514,3386566.0736499997
validation,2026-02-17,bybit,ethusdt,buy,412,8284.480604126213,3413206.0089,2602779.8672
validation,2026-02-17,bybit,ethusdt,sell,521,12073.77028349328,6290434.3177,3921790.89
validation,2026-02-18,binance,ethusdt,buy,505,7436.455733366336,3755410.14535,2399624.17852
validation,2026-02-18,binance,ethusdt,sell,793,18172.253700504414,14410597.184500001,4017816.91022
validation,2026-02-18,bybit,ethusdt,buy,341,6381.048800293255,2175937.6409,1609685.4886
validation,2026-02-18,bybit,ethusdt,sell,859,7202.700838533178,6187120.0203,4429028.4683
validation,2026-02-19,binance,ethusdt,buy,451,11817.120722838139,5329521.446,2073164.0627
validation,2026-02-19,binance,ethusdt,sell,767,5231.503425632333,4012563.1274599996,3840213.33505
validation,2026-02-19,bybit,ethusdt,buy,222,11433.07948918919,2538143.6466,1150065.3539
validation,2026-02-19,bybit,ethusdt,sell,614,8104.177119543973,4975964.7513999995,3293076.3181999996
validation,2026-02-20,binance,ethusdt,buy,518,9041.34926868726,4683418.9211800005,3572652.5675600003
validation,2026-02-20,binance,ethusdt,sell,588,5544.264709965986,3260027.64946,2812381.79686
validation,2026-02-20,bybit,ethusdt,buy,376,6414.669993882979,2411915.9177,2235751.4191
validation,2026-02-20,bybit,ethusdt,sell,315,6493.578986984127,2045477.3809,1734975.6734
validation,2026-02-21,binance,ethusdt,buy,248,6389.220882701612,1584526.7789099999,1256050.51204
validation,2026-02-21,binance,ethusdt,sell,195,3286.8281166153847,640931.48274,640931.48274
validation,2026-02-21,bybit,ethusdt,buy,155,5558.927312903226,861633.7335000001,757666.6392
validation,2026-02-21,bybit,ethusdt,sell,95,3892.899148421052,369825.41909999994,369825.41909999994
validation,2026-02-22,binance,ethusdt,buy,204,2472.370391127451,504363.55978999997,504363.55978999997
validation,2026-02-22,binance,ethusdt,sell,397,3905.2159989672546,1550370.75159,1417511.2201
validation,2026-02-22,bybit,ethusdt,buy,58,4664.745975862069,270555.2666,270555.2666
validation,2026-02-22,bybit,ethusdt,sell,321,4502.37834953271,1445263.4501999998,1294544.2502000001
validation,2026-02-23,binance,ethusdt,buy,663,7871.236737330316,5218629.95685,3661617.46277
validation,2026-02-23,binance,ethusdt,sell,1272,10093.87112408805,12839404.06984,7250355.581669999
validation,2026-02-23,bybit,ethusdt,buy,308,17336.349219480522,5339595.5596,2440633.8371
validation,2026-02-23,bybit,ethusdt,sell,2511,8315.472907407408,20880152.4705,15485785.4137
validation,2026-02-24,binance,ethusdt,buy,583,5169.489960926244,3013812.64722,2588297.0169699998
validation,2026-02-24,binance,ethusdt,sell,961,4313.488769677419,4145262.70766,3830224.8200399997
validation,2026-02-24,bybit,ethusdt,buy,293,9684.137396928327,2837452.2572999997,1514698.4085999997
validation,2026-02-24,bybit,ethusdt,sell,1345,6584.676250037174,8856389.5563,7254358.038699999
validation,2026-02-25,binance,ethusdt,buy,1360,8878.058111220587,12074159.031259999,8716330.90609
validation,2026-02-25,binance,ethusdt,sell,731,10870.528712818057,7946356.48907,4670448.62402
validation,2026-02-25,bybit,ethusdt,buy,2815,13633.897076021314,38379420.269,21030035.0019
validation,2026-02-25,bybit,ethusdt,sell,331,9730.47715981873,3220787.9398999996,2278028.8832
validation,2026-02-26,binance,ethusdt,buy,798,7407.36147216792,5911074.45479,3911614.84186
validation,2026-02-26,binance,ethusdt,sell,787,6452.375683850063,5078019.66319,3882397.2595300004
validation,2026-02-26,bybit,ethusdt,buy,453,8122.133368432671,3679326.4159,2457831.1371999998
validation,2026-02-26,bybit,ethusdt,sell,625,11063.763038879999,6914851.8993,4273848.229900001
validation,2026-02-27,binance,ethusdt,buy,547,6082.383806727606,3327063.94228,2797444.47825
validation,2026-02-27,binance,ethusdt,sell,1055,11404.113940312798,12031340.207030002,6525544.78999
validation,2026-02-27,bybit,ethusdt,buy,277,9272.275407942238,2568420.2879999997,1516238.3953999998
validation,2026-02-27,bybit,ethusdt,sell,1319,9838.554312585291,12977053.1383,8484324.9484
validation,2026-02-28,binance,ethusdt,buy,995,8179.793114793971,8138894.149220001,6721940.07762
validation,2026-02-28,binance,ethusdt,sell,1067,6486.526084039362,6921123.331669999,5876737.16061
validation,2026-02-28,bybit,ethusdt,buy,1058,12888.538322400756,13636073.5451,8431639.954300001
validation,2026-02-28,bybit,ethusdt,sell,1385,8834.963006570397,12236423.7641,7860695.3692
