split,date,symbol,side,rows,mean_amount,mean_notional,clipped_turnover
train,2025-12-01,btcusdt,buy,3391195,0.0435758580677313,3752.1630643828207,11379699813.758299
train,2025-12-01,btcusdt,sell,3376672,0.0441464207953867,3806.4605582704517,11704698629.255297
train,2025-12-02,btcusdt,buy,2692076,0.043079562761229616,3851.486329062923,9444872233.485
train,2025-12-02,btcusdt,sell,2628288,0.04266187761767356,3815.991283633072,9202664522.922401
train,2025-12-03,btcusdt,buy,2728280,0.03728671030832612,3460.065815049995,8628044110.7834
train,2025-12-03,btcusdt,sell,2706619,0.036786911641424225,3412.2423087426046,8455001143.4244
train,2025-12-04,btcusdt,buy,2069849,0.034761620292108254,3221.167119496785,6293587505.293801
train,2025-12-04,btcusdt,sell,2094053,0.035730290494080136,3309.4252478655512,6440818935.075
train,2025-12-05,btcusdt,buy,2239362,0.03955755969780679,3570.601786683753,7325927923.022199
train,2025-12-05,btcusdt,sell,2275904,0.03978232122268777,3589.9656350075843,7453687687.796202
train,2025-12-06,btcusdt,buy,784967,0.03537371125155579,3167.1932058655966,2370327211.049
train,2025-12-06,btcusdt,sell,806731,0.036021501590988825,3224.1614209255617,2409322240.4426003
train,2025-12-07,btcusdt,buy,1670309,0.03957355195954761,3547.117946112905,5449364627.861401
train,2025-12-07,btcusdt,sell,1668549,0.03805219085564763,3410.7118444365738,5318386381.5212
train,2025-12-08,btcusdt,buy,2029607,0.037412458175400454,3398.926704195936,6461442496.665201
train,2025-12-08,btcusdt,sell,2024106,0.03781523546691725,3434.942674483056,6494614922.790101
train,2025-12-09,btcusdt,buy,2254597,0.04067418567486783,3746.2737540060157,7676086557.865
train,2025-12-09,btcusdt,sell,2224959,0.0405519229792549,3730.5990436260176,7578300055.132101
train,2025-12-10,btcusdt,buy,2080805,0.037487686256040334,3469.184694297928,6521619707.039902
train,2025-12-10,btcusdt,sell,2151080,0.03833707114565706,3546.2366011858226,6949086979.3474
train,2025-12-11,btcusdt,buy,2410833,0.03899756847529464,3542.087734324111,7709880235.6304
train,2025-12-11,btcusdt,sell,2394488,0.04056459794327639,3683.3927992741246,7993436944.790299
train,2025-12-12,btcusdt,buy,1850211,0.03792628300231702,3455.882093045874,5974417015.4145
train,2025-12-12,btcusdt,sell,1906119,0.03917033773861968,3570.1691239837587,6227468594.7658
train,2025-12-13,btcusdt,buy,468016,0.037347996649687194,3369.9347378929356,1440775441.2125998
train,2025-12-13,btcusdt,sell,464707,0.04036580684173038,3641.838246560521,1532732100.3857996
train,2025-12-14,btcusdt,buy,1131988,0.03773914741145666,3361.9118714643614,3510608085.4824
train,2025-12-14,btcusdt,sell,1196837,0.04124731437948526,3673.7009572353627,3931775944.38
train,2025-12-15,btcusdt,buy,2489310,0.03793457223085915,3323.055608692609,7614268046.054799
train,2025-12-15,btcusdt,sell,2444895,0.04080763182058944,3574.1779274316477,7934019415.933498
train,2025-12-16,btcusdt,buy,2087309,0.03368598516079795,2928.8613625925536,5820456518.540199
train,2025-12-16,btcusdt,sell,2140123,0.03360180139178917,2919.497786764919,5956410352.3878
train,2025-12-17,btcusdt,buy,2898930,0.03645879065724251,3185.088707691632,8556510048.938201
train,2025-12-17,btcusdt,sell,2883001,0.03571114474119155,3120.05323523398,8410163461.8133
train,2025-12-18,btcusdt,buy,3053208,0.03757621590143876,3265.2946505113637,9210239812.1985
train,2025-12-18,btcusdt,sell,3033593,0.03785797105940052,3288.0017969115506,9131792905.281403
train,2025-12-19,btcusdt,buy,2556468,0.035404581242558096,3101.8865214232696,7436838223.1957
train,2025-12-19,btcusdt,sell,2477316,0.035417979377681326,3102.005456631653,7159207598.4243
train,2025-12-20,btcusdt,buy,459876,0.039706994929067825,3501.440682599657,1487330683.5679998
train,2025-12-20,btcusdt,sell,463991,0.038176369800276305,3365.4721430355326,1455667125.7327
train,2025-12-21,btcusdt,buy,939804,0.03480489123264,3072.266095698146,2751694419.1274014
train,2025-12-21,btcusdt,sell,935029,0.037337270822616196,3294.575379899768,2876596289.7356997
train,2025-12-22,btcusdt,buy,2092745,0.03720518601167366,3320.0702257632915,6443586093.3935995
train,2025-12-22,btcusdt,sell,2084665,0.03678684296997359,3281.5145216378646,6336094243.024
train,2025-12-23,btcusdt,buy,1738952,0.03729119377648147,3269.2697004379074,5328967086.55
train,2025-12-23,btcusdt,sell,1736769,0.03961568636934445,3471.4787906557517,5473406753.974299
train,2025-12-24,btcusdt,buy,1130488,0.0360976560564995,3146.999162737862,3301484534.3535004
train,2025-12-24,btcusdt,sell,1134998,0.03589040597428366,3127.678000336829,3342589548.1006002
train,2025-12-25,btcusdt,buy,755650,0.03682542182227221,3232.7884536973465,2325930568.9135
train,2025-12-25,btcusdt,sell,788977,0.03798478536129697,3333.10597638068,2494570690.9615993
train,2025-12-26,btcusdt,buy,1807625,0.042149969158426115,3710.716048206569,6133690022.783001
train,2025-12-26,btcusdt,sell,1799337,0.04100387587205732,3610.8274186093545,5954130337.1536
train,2025-12-27,btcusdt,buy,336349,0.0402765133834202,3525.2811101587936,1117197701.2298
train,2025-12-27,btcusdt,sell,366516,0.03750762313241442,3282.122795619291,1140572913.8490002
train,2025-12-28,btcusdt,buy,453109,0.04243827864818399,3724.1556194635286,1561249506.5991998
train,2025-12-28,btcusdt,sell,433036,0.04186903167404096,3673.4984513470017,1464933286.6070004
train,2025-12-29,btcusdt,buy,1947840,0.04891713282405126,4320.681600609033,7614136596.471899
train,2025-12-29,btcusdt,sell,1955744,0.048432164945923395,4280.574006693668,7583032546.745801
train,2025-12-30,btcusdt,buy,1340529,0.04688710576197904,4132.948053778994,5005723029.4733
train,2025-12-30,btcusdt,sell,1411129,0.04527702428339294,3991.0896512585327,5110212285.9574
train,2025-12-31,btcusdt,buy,1062970,0.045478232687658174,4010.718646583347,3850496526.5629005
train,2025-12-31,btcusdt,sell,1046550,0.046082859872915764,4064.769800413549,3776855430.6133
train,2026-01-01,btcusdt,buy,535406,0.045403745942331625,3998.152241557622,1991541630.0344996
train,2026-01-01,btcusdt,sell,521577,0.04530848752916635,3989.9178308824958,1973831117.4187002
train,2026-01-02,btcusdt,buy,1858204,0.04738634294189443,4244.115692989144,6995855629.3497
train,2026-01-02,btcusdt,sell,1903605,0.04654619944788967,4166.675097187073,7077692777.1789
train,2026-01-03,btcusdt,buy,644877,0.04499426092107488,4050.1724127872444,2389791096.3429995
train,2026-01-03,btcusdt,sell,636446,0.04379869619732075,3941.9544307279803,2327597946.1567006
train,2026-01-04,btcusdt,buy,888837,0.042080018046053436,3840.8160313472545,3180262291.2370996
train,2026-01-04,btcusdt,sell,865473,0.04202413246860386,3835.317521571903,3058015345.1166997
train,2026-01-05,btcusdt,buy,1985653,0.048811132156524835,4547.4616176398395,7928002400.4863
train,2026-01-05,btcusdt,sell,2080098,0.044387315886078436,4134.934070090351,7798735586.172501
train,2026-01-06,btcusdt,buy,1809106,0.051935810284195624,4834.155584808795,7707838608.9382
train,2026-01-06,btcusdt,sell,1791021,0.051487090324457405,4792.179012366241,7567789504.919801
train,2026-01-07,btcusdt,buy,1593347,0.04600335457373692,4222.281370092077,6134721879.0336
train,2026-01-07,btcusdt,sell,1535124,0.04930199319403513,4528.8001261227755,6169371628.0246
train,2026-01-08,btcusdt,buy,1820180,0.04638822259336988,4194.811556384643,6560969664.919501
train,2026-01-08,btcusdt,sell,1863032,0.04510715543264958,4078.878826564923,6959241064.855699
train,2026-01-09,btcusdt,buy,1628255,0.042949843851239525,3898.0892546926,5839824752.717199
train,2026-01-09,btcusdt,sell,1698249,0.0414039566635988,3757.3184857393107,5861932436.5762005
train,2026-01-10,btcusdt,buy,297638,0.04038639891411714,3658.557592485166,1034480785.0665002
train,2026-01-10,btcusdt,sell,302138,0.04385466905850969,3972.679332447094,1107366033.2233
train,2026-01-11,btcusdt,buy,509129,0.04182310966375908,3795.7603950596017,1784929037.3614001
train,2026-01-11,btcusdt,sell,529224,0.04204461059967046,3815.1294355448736,1847144490.6210003
train,2026-01-12,btcusdt,buy,1834917,0.04518429988931379,4126.950158734591,6812668216.5332985
train,2026-01-12,btcusdt,sell,1946342,0.04435256650681123,4052.6966597951428,7180125360.299899
train,2026-01-13,btcusdt,buy,2167583,0.04870386370441177,4545.3468369712255,8846608683.2447
train,2026-01-13,btcusdt,sell,2147965,0.04414656337510154,4113.690485457584,8142016620.5671
train,2026-01-14,btcusdt,buy,2163505,0.042655808514424506,4105.527285978539,7951445728.210999
train,2026-01-14,btcusdt,sell,2185332,0.041072677286563324,3951.590009000325,7781980289.346698
train,2026-01-15,btcusdt,buy,1916494,0.039642595280757476,3814.365745054773,6641186303.459701
train,2026-01-15,btcusdt,sell,1882089,0.038908729077105284,3743.019502267427,6352962614.261001
train,2026-01-16,btcusdt,buy,1157365,0.041766177480742885,3974.9358174143854,4137030198.7509995
train,2026-01-16,btcusdt,sell,1243497,0.04252353644600672,4046.0009474035724,4553215616.716901
train,2026-01-17,btcusdt,buy,392926,0.04809735929920646,4583.707063463095,1555309777.0764997
train,2026-01-17,btcusdt,sell,425696,0.047147565398782225,4492.898584436782,1624173341.1745002
train,2026-01-18,btcusdt,buy,659635,0.046312213572657614,4392.5360057939615,2548685144.9438
train,2026-01-18,btcusdt,sell,670021,0.047806316518437475,4531.075028532838,2650122304.3234005
train,2026-01-19,btcusdt,buy,1430265,0.03759365781865598,3486.624908309789,4610528258.3585
train,2026-01-19,btcusdt,sell,1395152,0.039041024203814355,3620.654421208729,4593135510.5735
train,2026-01-20,btcusdt,buy,2314768,0.038506195005287784,3485.2571261828402,7404604691.482801
train,2026-01-20,btcusdt,sell,2316308,0.042715308585904804,3864.124530327745,7928640125.042799
train,2026-01-21,btcusdt,buy,2727362,0.03759839617916508,3352.3010679481117,8124688426.333599
train,2026-01-21,btcusdt,sell,2788750,0.03784339793814433,3373.4056980284713,8349874174.0421
train,2026-01-22,btcusdt,buy,1600939,0.03278084861446938,2934.3362995345856,4326772159.978
train,2026-01-22,btcusdt,sell,1587281,0.033662223639040596,3012.3117144098615,4363784512.4333
train,2026-01-23,btcusdt,buy,1638748,0.03768225865111657,3382.764973333422,5057842842.7902
train,2026-01-23,btcusdt,sell,1677456,0.037584166142062746,3373.5792087614223,5202185926.481899
train,2026-01-24,btcusdt,buy,352726,0.04245935371931754,3799.127031762048,1213330475.0600998
train,2026-01-24,btcusdt,sell,352177,0.04474857529026598,4002.281716874754,1244239069.6713004
train,2026-01-25,btcusdt,buy,1420582,0.04180738669080701,3658.393864256622,4684352312.1353
train,2026-01-25,btcusdt,sell,1470229,0.04454308954591428,3897.0401579692693,4953853553.234
train,2026-01-26,btcusdt,buy,1832768,0.03626577231815483,3183.2085114747756,5246819848.7626
train,2026-01-26,btcusdt,sell,1823087,0.037377669853386045,3280.5755935581246,5415930540.856901
train,2026-01-27,btcusdt,buy,1585481,0.03766474527288564,3327.6914259475193,4764269871.284
train,2026-01-27,btcusdt,sell,1547193,0.037622569388563676,3323.8907707558787,4667523281.253899
train,2026-01-28,btcusdt,buy,1749774,0.035283050268206065,3159.534247514022,5047815818.7851
train,2026-01-28,btcusdt,sell,1741852,0.03567582435247082,3193.3375521622966,5081889956.296101
train,2026-01-29,btcusdt,buy,2590780,0.041531678490647594,3563.0255965579477,8348158124.2229
train,2026-01-29,btcusdt,sell,2655255,0.04487688866041115,3849.2577367466774,8989787770.191
train,2026-01-30,btcusdt,buy,3607059,0.03480675891356365,2886.8272186607705,9607168159.7893
train,2026-01-30,btcusdt,sell,3649066,0.03541295608246055,2935.5697229739885,9756318596.3734
train,2026-01-31,btcusdt,buy,3616916,0.03466091747776282,2775.3585102367047,9061047884.948002
train,2026-01-31,btcusdt,sell,3819465,0.03816668198294788,3051.2848424262042,10033426423.5262
validation,2026-02-01,btcusdt,buy,3358117,0.026646668653891453,2071.738588565139,6528465276.8192
validation,2026-02-01,btcusdt,sell,3401398,0.028623581539120087,2223.302460366091,7066714642.351701
validation,2026-02-02,btcusdt,buy,5222584,0.024935081178206035,1924.8339893306838,9392755116.3136
validation,2026-02-02,btcusdt,sell,5133412,0.02521076449737524,1944.1728302363615,9402903554.705399
validation,2026-02-03,btcusdt,buy,4407050,0.034170199339694354,2610.396666573627,10650408743.650301
validation,2026-02-03,btcusdt,sell,4496864,0.03493993569741046,2668.9489410873225,10997521726.942598
validation,2026-02-04,btcusdt,buy,4570034,0.0316330900382798,2349.319997364505,10074467753.8326
validation,2026-02-04,btcusdt,sell,4575418,0.03245604183049505,2410.9528778811905,10187114615.541899
validation,2026-02-05,btcusdt,buy,9684138,0.03326152880101461,2251.9273339106794,20040854119.812595
validation,2026-02-05,btcusdt,sell,9896854,0.03515763958930787,2381.9109838941345,21304819148.137703
validation,2026-02-06,btcusdt,buy,8042993,0.03524483435457423,2345.389105579378,16855682768.083797
validation,2026-02-06,btcusdt,sell,8289902,0.03325838725234629,2205.4788747876273,16353843352.247301
validation,2026-02-07,btcusdt,buy,4345449,0.03032725502013716,2096.4651965033077,8246986451.424
validation,2026-02-07,btcusdt,sell,4438796,0.030386192787413526,2101.195175520051,8423383026.654099
validation,2026-02-08,btcusdt,buy,2876343,0.029231975463287926,2061.8230007533525,5394918311.3803005
validation,2026-02-08,btcusdt,sell,2882394,0.02729411697359903,1924.436726138515,5128945027.629
validation,2026-02-09,btcusdt,buy,4029804,0.02765993681082256,1932.3946384153176,7231071162.430201
validation,2026-02-09,btcusdt,sell,3968956,0.02794637708253757,1951.3550921632793,7213469409.2398
validation,2026-02-10,btcusdt,buy,3123239,0.02877295077321973,1987.9517528620445,5909425111.459799
validation,2026-02-10,btcusdt,sell,3108913,0.02989616595897023,2064.8369778375595,6069247736.6286
validation,2026-02-11,btcusdt,buy,4172359,0.030501348038363907,2049.899938271323,8063636386.639199
validation,2026-02-11,btcusdt,sell,4188946,0.030880145029322417,2074.9197760783254,8088341023.083399
validation,2026-02-12,btcusdt,buy,3251774,0.030021700155053822,2005.6638024938693,6209751323.598599
validation,2026-02-12,btcusdt,sell,3229057,0.0317025908802477,2117.1274768759426,6305793657.9809
validation,2026-02-13,btcusdt,buy,2765711,0.03356639215015596,2276.5702149744134,5774889282.096201
validation,2026-02-13,btcusdt,sell,2740704,0.03291428005359207,2231.0923713166762,5642619295.549699
validation,2026-02-14,btcusdt,buy,1571776,0.03760553284946456,2619.028585554494,3719528236.7314005
validation,2026-02-14,btcusdt,sell,1528945,0.03622103345771103,2522.095037516784,3528065453.6555996
validation,2026-02-15,btcusdt,buy,2064700,0.03652861674819586,2537.6419871017106,4761017009.3756
validation,2026-02-15,btcusdt,sell,2066370,0.036696958918296343,2547.7096149967815,4750363690.8869
validation,2026-02-16,btcusdt,buy,2165225,0.03445958226050411,2361.3304459517135,4740068831.977601
validation,2026-02-16,btcusdt,sell,2115853,0.03543109800160975,2426.2272688085604,4690721265.4599
validation,2026-02-17,btcusdt,buy,2379223,0.030467372751524342,2065.1794146726893,4659607867.732302
validation,2026-02-17,btcusdt,sell,2356428,0.03254775787760118,2205.495529984917,4873083708.0968
validation,2026-02-18,btcusdt,buy,2223734,0.03641797310289809,2447.3533740023313,5142986531.7834
validation,2026-02-18,btcusdt,sell,2191200,0.03787399872216137,2543.647020706371,5250008550.421
validation,2026-02-19,btcusdt,buy,2157198,0.0338713367989401,2254.615961265772,4575522361.1915
validation,2026-02-19,btcusdt,sell,2086403,0.03564288442836787,2371.742806052139,4649821900.517499
validation,2026-02-20,btcusdt,buy,2581086,0.0440955559016631,2972.54344847568,7120659497.094701
validation,2026-02-20,btcusdt,sell,2583065,0.04316172802465288,2909.613556025342,7011308749.1756
validation,2026-02-21,btcusdt,buy,923136,0.048903557005684974,3333.547454110445,2659672481.9578004
validation,2026-02-21,btcusdt,sell,923492,0.045859417298688025,3124.3956963818846,2651285102.3892994
validation,2026-02-22,btcusdt,buy,989811,0.0429748012499356,2910.061517610028,2622735228.6104994
validation,2026-02-22,btcusdt,sell,873369,0.04780387556691387,3237.6943045051967,2536153387.4323997
validation,2026-02-23,btcusdt,buy,3260435,0.0419826001745166,2742.4557741463636,8360948894.2649
validation,2026-02-23,btcusdt,sell,3366179,0.04162452382954085,2719.420074699058,8471635083.074399
validation,2026-02-24,btcusdt,buy,2843937,0.038415339720957245,2444.748928181953,6570593367.4974
validation,2026-02-24,btcusdt,sell,2914506,0.039080080123355385,2485.8792742270216,6728257828.285599
validation,2026-02-25,btcusdt,buy,3497521,0.045005440710720525,3017.267847575526,9568895577.980299
validation,2026-02-25,btcusdt,sell,3499305,0.04053126406529297,2718.1348028121024,8918735332.7542
validation,2026-02-26,btcusdt,buy,2656398,0.03304304362523989,2236.559020525275,5655087103.283699
validation,2026-02-26,btcusdt,sell,2681120,0.033590445410873075,2272.6026780179554,5770940254.2637
validation,2026-02-27,btcusdt,buy,2722571,0.037278808155967284,2475.1217234695805,6287382984.916499
validation,2026-02-27,btcusdt,sell,2679659,0.03897869803583217,2588.7900935863104,6367955222.988601
validation,2026-02-28,btcusdt,buy,3193278,0.04023802562758393,2613.3023054656373,7615808137.4814
validation,2026-02-28,btcusdt,sell,3215918,0.04024001202766985,2609.974663024835,7496273417.532301
train,2025-12-01,ethusdt,buy,5218998,0.6355127786981332,1786.8504605746198,8646484991.09238
train,2025-12-01,ethusdt,sell,5256190,0.6512137068865472,1833.9668496749896,9022012034.936798
train,2025-12-02,ethusdt,buy,4140757,0.6227183790306942,1814.7453930365343,7018012186.6854515
train,2025-12-02,ethusdt,sell,4017253,0.6229246402952467,1817.3324443019997,6881897056.073329
train,2025-12-03,ethusdt,buy,4413742,0.6434597389244773,1989.7977913280067,8003303162.790329
train,2025-12-03,ethusdt,sell,4309491,0.6082244754658961,1877.4911226144923,7619744545.90847
train,2025-12-04,ethusdt,buy,3872585,0.6285573928009327,1994.0132973662246,7179090931.28874
train,2025-12-04,ethusdt,sell,3881317,0.6613624138404568,2096.496301083725,7512802647.66364
train,2025-12-05,ethusdt,buy,4169950,0.6261269240638377,1936.35405179829,7625660690.70982
train,2025-12-05,ethusdt,sell,4199489,0.6586740934432737,2035.7090501839891,7846957944.40348
train,2025-12-06,ethusdt,buy,1440505,0.568498303025675,1726.6240148294105,2336557400.18341
train,2025-12-06,ethusdt,sell,1438771,0.5558131912583727,1687.5505828359967,2318172732.66304
train,2025-12-07,ethusdt,buy,3173099,0.668144807331886,2028.8007203899658,5899733511.37743
train,2025-12-07,ethusdt,sell,3320239,0.6613974792176104,2007.2584065018966,6087483612.43044
train,2025-12-08,ethusdt,buy,3762608,0.5694815072417855,1779.5541059918176,6273198841.233681
train,2025-12-08,ethusdt,sell,3804810,0.5666184805548765,1769.8298511175065,6322503720.826751
train,2025-12-09,ethusdt,buy,4482115,0.6253207068537955,2024.7051383316652,8379516139.261721
train,2025-12-09,ethusdt,sell,4422477,0.6301927731902279,2040.6773755251684,8334054737.970961
train,2025-12-10,ethusdt,buy,4679466,0.5078008259916837,1702.901720675205,7485272731.49991
train,2025-12-10,ethusdt,sell,4719224,0.5160962035283767,1729.560350052441,7642986592.24659
train,2025-12-11,ethusdt,buy,4443406,0.5581985078563605,1790.3502322805452,7497974929.165972
train,2025-12-11,ethusdt,sell,4656382,0.5804207013084408,1861.442329482824,8000509374.406979
train,2025-12-12,ethusdt,buy,3982814,0.561385083762385,1766.1772335469193,6667203289.021551
train,2025-12-12,ethusdt,sell,4035091,0.5900277421252705,1856.042386350169,7017748938.502568
train,2025-12-13,ethusdt,buy,1249666,0.5703014485470517,1771.225549590211,2102513640.3503199
train,2025-12-13,ethusdt,sell,1206116,0.611560737938971,1898.757445786906,2131543536.9682903
train,2025-12-14,ethusdt,buy,2269197,0.5877943276850797,1814.5055569479161,3816748347.9462004
train,2025-12-14,ethusdt,sell,2182875,0.621278439214339,1916.8564554610186,3854189134.649789
train,2025-12-15,ethusdt,buy,4978643,0.6035183625337266,1833.6331016313018,8555415068.159219
train,2025-12-15,ethusdt,sell,5149575,0.5967481766941931,1809.913823069234,8679696060.00106
train,2025-12-16,ethusdt,buy,4466622,0.4784391643170163,1405.4341475780507,6047530254.94438
train,2025-12-16,ethusdt,sell,4512572,0.523960351657547,1537.999175445396,6593954462.56199
train,2025-12-17,ethusdt,buy,5197147,0.5550347344418003,1613.8226606833366,7946878395.03185
train,2025-12-17,ethusdt,sell,5187498,0.5786019503043663,1681.3384198442948,8171712000.195779
train,2025-12-18,ethusdt,buy,5758166,0.5556053733080986,1598.0087897864303,8604810476.33115
train,2025-12-18,ethusdt,sell,5740006,0.5499251438064698,1582.5534029665043,8485266475.675499
train,2025-12-19,ethusdt,buy,4970737,0.5168621367414934,1520.6357803610733,7035127072.83021
train,2025-12-19,ethusdt,sell,4846755,0.5058286135775378,1488.3910919727548,6818556662.798141
train,2025-12-20,ethusdt,buy,911630,0.5445050404221011,1622.2577393178155,1384914998.1116202
train,2025-12-20,ethusdt,sell,882496,0.6135257077652476,1827.4055076770544,1469958448.9109402
train,2025-12-21,ethusdt,buy,1698096,0.5550843055987412,1654.3517803939292,2650221005.9090405
train,2025-12-21,ethusdt,sell,1663600,0.564037536066362,1679.7709168166086,2636545449.7605896
train,2025-12-22,ethusdt,buy,3806162,0.5379259900130366,1627.8871591965712,5834455701.610991
train,2025-12-22,ethusdt,sell,3812880,0.5141924715700467,1555.5573831819254,5664265823.252199
train,2025-12-23,ethusdt,buy,3485811,0.5748179310352741,1699.149285620824,5581043467.467291
train,2025-12-23,ethusdt,sell,3360471,0.6011671090153733,1775.754343084077,5558630967.763289
train,2025-12-24,ethusdt,buy,2214889,0.6047606516624534,1773.2142742401313,3555057812.60498
train,2025-12-24,ethusdt,sell,2252041,0.5697827948070218,1669.756106250899,3556627902.2418203
train,2025-12-25,ethusdt,buy,1463355,0.6234816794284368,1829.8002194864748,2538247032.8140397
train,2025-12-25,ethusdt,sell,1495589,0.616159124599071,1807.921773008052,2573434923.7059703
train,2025-12-26,ethusdt,buy,2798363,0.6314070669173371,1858.996026208476,4959222830.93214
train,2025-12-26,ethusdt,sell,2755359,0.6333188063696962,1864.1334877827646,4919251757.83358
train,2025-12-27,ethusdt,buy,678987,0.65878672345715,1931.1787389127483,1250187225.1400402
train,2025-12-27,ethusdt,sell,673417,0.6715082541723776,1967.967264291145,1264615565.7685602
train,2025-12-28,ethusdt,buy,961358,0.5856785453493913,1722.6454540049176,1607337030.6212797
train,2025-12-28,ethusdt,sell,921035,0.6441599960913538,1894.0266326515716,1656414813.96373
train,2025-12-29,ethusdt,buy,3552666,0.7048125146017105,2093.480528648381,6970818443.648909
train,2025-12-29,ethusdt,sell,3550236,0.6961501232594114,2067.558192625628,6945406320.181931
train,2025-12-30,ethusdt,buy,2448373,0.6411529648464512,1904.2650454526383,4476300347.36993
train,2025-12-30,ethusdt,sell,2448898,0.6495560109077635,1929.0626876429885,4508104460.54579
train,2025-12-31,ethusdt,buy,1770836,0.6916460699918004,2063.225587744919,3443959317.3439198
train,2025-12-31,ethusdt,sell,1812039,0.6544732585777682,1952.0062814643502,3391296191.25985
train,2026-01-01,ethusdt,buy,829010,0.6645103593442782,1985.3006356960352,1551956355.4078903
train,2026-01-01,ethusdt,sell,801680,0.6576416874563417,1964.187054072348,1536592736.414
train,2026-01-02,ethusdt,buy,3438981,0.7074518501265346,2173.0397308757942,7055209997.954341
train,2026-01-02,ethusdt,sell,3319845,0.6624890884966015,2034.8398549630995,6528302768.80419
train,2026-01-03,ethusdt,buy,1101950,0.664405110939698,2063.2327950621807,2217781751.064191
train,2026-01-03,ethusdt,sell,1059428,0.6932574823395268,2152.6695336144694,2217115663.3486094
train,2026-01-04,ethusdt,buy,1492442,0.6440232377539632,2023.2193036007698,2860577839.4942913
train,2026-01-04,ethusdt,sell,1486685,0.6233569727279149,1957.393971008492,2813869099.5131497
train,2026-01-05,ethusdt,buy,3306499,0.6749710721219029,2149.5996606221292,6720623140.126539
train,2026-01-05,ethusdt,sell,3363139,0.6835190460459708,2175.3409426658695,6888592477.25489
train,2026-01-06,ethusdt,buy,3230128,0.7158808638543116,2327.259218317178,7000755050.30834
train,2026-01-06,ethusdt,sell,3163421,0.718012654338452,2333.6053006571683,6848226046.54882
train,2026-01-07,ethusdt,buy,3066677,0.7293712944010734,2329.417802994335,6573068473.21498
train,2026-01-07,ethusdt,sell,2956545,0.7791188299180294,2490.8403452766693,6663039940.636701
train,2026-01-08,ethusdt,buy,3017161,0.6921636800290074,2153.824082332196,5984439733.8511095
train,2026-01-08,ethusdt,sell,3071713,0.6999997043994669,2176.755848584741,6328459889.367109
train,2026-01-09,ethusdt,buy,2939732,0.6284383930235818,1948.6799529178952,5423928261.014881
train,2026-01-09,ethusdt,sell,2861147,0.6428467978052158,1992.8353718292526,5398230617.91529
train,2026-01-10,ethusdt,buy,541889,0.6334828313547611,1957.4210907612999,1011547402.1174
train,2026-01-10,ethusdt,sell,529520,0.6556764635896659,2025.6737313182316,1038148996.03572
train,2026-01-11,ethusdt,buy,1074207,0.7115183535389362,2216.6077789651713,2230466023.47426
train,2026-01-11,ethusdt,sell,1058498,0.7083561527749699,2205.841765114568,2216241494.7002997
train,2026-01-12,ethusdt,buy,2808737,0.667073697181331,2080.32075786775,5575682364.77831
train,2026-01-12,ethusdt,sell,2889202,0.6942090788390703,2164.862003653559,5985677243.610001
train,2026-01-13,ethusdt,buy,3427836,0.7304798228386654,2335.8294472996026,7262657792.995932
train,2026-01-13,ethusdt,sell,3286943,0.6728943957957286,2147.133418894438,6619768780.67172
train,2026-01-14,ethusdt,buy,3729331,0.6507611164039876,2174.3233249545265,7382490357.92741
train,2026-01-14,ethusdt,sell,3969332,0.619058881695963,2066.986417295288,7679008219.932733
train,2026-01-15,ethusdt,buy,3354557,0.6080382271042047,2021.6051401346197,6449561314.34385
train,2026-01-15,ethusdt,sell,3392627,0.6167140664151998,2048.80586401972,6560800903.36047
train,2026-01-16,ethusdt,buy,2072311,0.5957541802364604,1960.3273640963498,3829496658.2230396
train,2026-01-16,ethusdt,sell,2102508,0.6257236928468289,2058.456935594557,4010956548.77723
train,2026-01-17,ethusdt,buy,807918,0.7404546921841076,2448.707969347261,1803543791.36246
train,2026-01-17,ethusdt,sell,768838,0.7158870698378592,2366.9859852706163,1701148845.3263898
train,2026-01-18,ethusdt,buy,1302407,0.6946628803438556,2310.0004980530584,2773201861.9105797
train,2026-01-18,ethusdt,sell,1356080,0.6723679074980827,2234.2448439052273,2847196604.3432603
train,2026-01-19,ethusdt,buy,2605099,0.6430550585601545,2064.285033840917,4990113554.6939
train,2026-01-19,ethusdt,sell,2716506,0.6959905827559371,2234.8331438941423,5403527422.72893
train,2026-01-20,ethusdt,buy,4001350,0.6940111707298786,2127.026662889974,7862410584.856567
train,2026-01-20,ethusdt,sell,4124545,0.7482158664773932,2289.6223806223306,8617018056.05402
train,2026-01-21,ethusdt,buy,4810789,0.6666831987434908,1974.7937116216074,8775773961.942389
train,2026-01-21,ethusdt,sell,4858956,0.6837622849435145,2024.2525751428914,9071108869.30312
train,2026-01-22,ethusdt,buy,3204570,0.5353304911423374,1589.5167147306342,4887908226.585731
train,2026-01-22,ethusdt,sell,3258047,0.5511061593034109,1636.1546790306031,5064840633.0979595
train,2026-01-23,ethusdt,buy,3235162,0.5263355365202731,1552.8916448592065,4783240992.802581
train,2026-01-23,ethusdt,sell,3249443,0.5266815235718859,1553.3754960392719,4813718514.72172
train,2026-01-24,ethusdt,buy,702425,0.5375748514076236,1590.0323208625118,1083278038.68378
train,2026-01-24,ethusdt,sell,747779,0.5415746537412792,1601.5704197447776,1150242647.7277
train,2026-01-25,ethusdt,buy,2856087,0.59093127590301,1693.3290111708855,4556463046.0035
train,2026-01-25,ethusdt,sell,2954578,0.6605065332511108,1891.5593824185348,5060057379.132501
train,2026-01-26,ethusdt,buy,4107690,0.6822854599543783,1975.9022371598417,7142701492.09511
train,2026-01-26,ethusdt,sell,3937076,0.6121312895661652,1772.4704142924877,6383098747.685271
train,2026-01-27,ethusdt,buy,3366760,0.6006755456284381,1775.394977256573,5660914391.475949
train,2026-01-27,ethusdt,sell,3280371,0.5702398960361497,1684.9372013351872,5291994485.77094
train,2026-01-28,ethusdt,buy,2825907,0.5248110854320402,1581.6968918694986,4245490159.12976
train,2026-01-28,ethusdt,sell,2858022,0.5220449692129733,1572.7340582096672,4322534182.3258705
train,2026-01-29,ethusdt,buy,4254159,0.6439925921903719,1842.1146681960836,7352146630.709499
train,2026-01-29,ethusdt,sell,4452966,0.6774903266721553,1937.6034062842273,7881440467.69042
train,2026-01-30,ethusdt,buy,6664820,0.5172047408632191,1409.8576106503085,8790055496.912931
train,2026-01-30,ethusdt,sell,6712178,0.5417979380165425,1475.8946815349775,9236393410.623463
train,2026-01-31,ethusdt,buy,7419508,0.6115454628527929,1522.9217226171922,10403446300.84371
train,2026-01-31,ethusdt,sell,7822508,0.6467437765483909,1607.3710689139878,11390670771.453308
validation,2026-02-01,ethusdt,buy,7549405,0.4797498208136933,1127.4431185389246,7961459645.54837
validation,2026-02-01,ethusdt,sell,7793326,0.4956060577986857,1164.442762908436,8466741080.528669
validation,2026-02-02,ethusdt,buy,10645467,0.4595336162330879,1047.4307955735953,10401330529.871939
validation,2026-02-02,ethusdt,sell,10575963,0.4614598331140153,1050.9030876061422,10339082891.573326
validation,2026-02-03,ethusdt,buy,9118802,0.5843334886534438,1317.298201586611,11108902263.52023
validation,2026-02-03,ethusdt,sell,9179058,0.6013252966698761,1353.4108559156791,11321459881.00635
validation,2026-02-04,ethusdt,buy,9271803,0.5695960951715648,1240.024615570479,10737725882.872799
validation,2026-02-04,ethusdt,sell,9488179,0.5581586398190843,1214.3945076901518,10733636591.090681
validation,2026-02-05,ethusdt,buy,15167549,0.5307024300366526,1062.3046432873741,15467805203.69152
validation,2026-02-05,ethusdt,sell,15697407,0.5479910769339166,1095.8044168891875,16345365852.53862
validation,2026-02-06,ethusdt,buy,12396465,0.5356696205732844,1042.6290881208392,12152978541.561008
validation,2026-02-06,ethusdt,sell,12076901,0.5259313043967156,1021.2540096364093,11534231430.47888
validation,2026-02-07,ethusdt,buy,7408378,0.6155666014882069,1265.648378830147,7867028513.46572
validation,2026-02-07,ethusdt,sell,7437782,0.6295003581712936,1291.5710620908274,8063420115.405761
validation,2026-02-08,ethusdt,buy,4200673,0.547649957756769,1153.2442222241746,4495117103.33382
validation,2026-02-08,ethusdt,sell,4195335,0.5374257092699392,1130.8897526694414,4469533585.749659
validation,2026-02-09,ethusdt,buy,5760908,0.5286384571668215,1096.208808642481,5989109849.40007
validation,2026-02-09,ethusdt,sell,5759092,0.5317176351758228,1102.3922743818107,6027477208.382299
validation,2026-02-10,ethusdt,buy,4854682,0.5747195449671062,1165.8185685592298,5304092978.95416
validation,2026-02-10,ethusdt,sell,4947787,0.5919670434479092,1200.9077246059321,5483848046.2873
validation,2026-02-11,ethusdt,buy,6329223,0.5559891609128008,1087.7334879802638,6511680870.99809
validation,2026-02-11,ethusdt,sell,6310695,0.5518409946923437,1079.2774745875868,6418675182.617868
validation,2026-02-12,ethusdt,buy,5171990,0.5045436713914759,983.6588993800161,4891270725.06258
validation,2026-02-12,ethusdt,sell,5173179,0.5103152249322901,994.4170347081244,4859951978.245991
validation,2026-02-13,ethusdt,buy,4330745,0.5552756821285947,1108.9199614414306,4545572725.579201
validation,2026-02-13,ethusdt,sell,4249083,0.5535656566369731,1105.299117145669,4462109762.267321
validation,2026-02-14,ethusdt,buy,2175221,0.5973509528457108,1240.746268566224,2535571560.17842
validation,2026-02-14,ethusdt,sell,2123383,0.5860670745692135,1217.0740397361099,2486408747.1013894
validation,2026-02-15,ethusdt,buy,4106639,0.6271459955452623,1265.379563269508,4908998441.18352
validation,2026-02-15,ethusdt,sell,4232945,0.6349306400154029,1280.5951406007546,5086076824.801149
validation,2026-02-16,ethusdt,buy,3748061,0.5614844235459349,1109.3619956002103,3981441469.4696903
validation,2026-02-16,ethusdt,sell,3672225,0.576757684510072,1139.0996618507718,3951130426.6726794
validation,2026-02-17,ethusdt,buy,3962160,0.5596061827387081,1107.8206731560438,4206796055.7256103
validation,2026-02-17,ethusdt,sell,3961795,0.5548026662156925,1098.3486448736924,4171879870.2534003
validation,2026-02-18,ethusdt,buy,3728858,0.6716762451131152,1329.5354055501207,4646669318.35687
validation,2026-02-18,ethusdt,sell,3674679,0.6647133363213493,1314.0251758353886,4595438523.4928
validation,2026-02-19,ethusdt,buy,3518922,0.5741863633237678,1115.2212368117796,3771566383.8439994
validation,2026-02-19,ethusdt,sell,3540336,0.606949785839536,1178.7547274501121,3994626941.36
validation,2026-02-20,ethusdt,buy,3570454,0.6448490018356208,1260.639674609657,4304249319.78672
validation,2026-02-20,ethusdt,sell,3533252,0.6544377969643832,1278.9614863284248,4318212064.2002
validation,2026-02-21,ethusdt,buy,1380929,0.7262940542200215,1436.2361292530898,1841125605.18854
validation,2026-02-21,ethusdt,sell,1371487,0.6922063242305615,1368.4507132317622,1780206181.3865404
validation,2026-02-22,ethusdt,buy,1458683,0.7411381540746002,1451.3904965554545,1998361025.4089098
validation,2026-02-22,ethusdt,sell,1441541,0.76026138347782,1488.5722857394967,1979110167.3968
validation,2026-02-23,ethusdt,buy,4649141,0.6989144162330203,1317.294986200885,5824925845.583538
validation,2026-02-23,ethusdt,sell,4688076,0.7123413745852244,1342.5565959947342,5964201487.92236
validation,2026-02-24,ethusdt,buy,4348222,0.6069904903659471,1113.7053116560307,4657447105.79545
validation,2026-02-24,ethusdt,sell,4301701,0.6538169249792117,1198.8008085846786,4892639782.435419
validation,2026-02-25,ethusdt,buy,5673024,0.7830170418810141,1557.7825938577641,8310225935.865789
validation,2026-02-25,ethusdt,sell,5578029,0.7289905319603035,1449.6086036982256,7744738984.366521
validation,2026-02-26,ethusdt,buy,4315962,0.6286429968567843,1279.7405456589936,5248343382.87715
validation,2026-02-26,ethusdt,sell,4213562,0.6181471942266424,1258.6263337710473,5060612159.77629
validation,2026-02-27,ethusdt,buy,4453404,0.6413262854661289,1263.5205576798558,5386088318.202979
validation,2026-02-27,ethusdt,sell,4323377,0.6716713249850753,1323.9003134707684,5409095479.00064
validation,2026-02-28,ethusdt,buy,5054106,0.6338707809056636,1203.6910047267868,5723265485.520139
validation,2026-02-28,ethusdt,sell,5009168,0.6400254928562987,1213.8406988658535,5680502286.821771
